{
  "bonus_chest": false,
  "dimensions": {
    "minecraft:overworld": {
      "type": "minecraft:overworld",
      "generator": {
        "settings": {
          "lakes": false,
          "features": false,
          "biome": "minecraft:plains",
          "structures": {
            "stronghold": {
              "distance": 32,
              "spread": 3,
              "count": 128
            },
            "structures": {
              "minecraft:village": {
                "spacing": 32,
                "separation": 8,
                "salt": 10387312
              }
            }
          },
          "layers": [
            {
              "height": 1,
              "block": "minecraft:bedrock"
            },
            {
              "height": 2,
              "block": "minecraft:dirt"
            },
            {
              "height": 1,
              "block": "minecraft:grass_block"
            }
          ]
        },
        "type": "minecraft:flat"
      }
    },
    "minecraft:the_nether": {
      "type": "minecraft:the_nether",
      "generator": {
        "biome_source": {
          "preset": "minecraft:nether",
          "seed": -8812244654483953461,
          "type": "minecraft:multi_noise"
        },
        "seed": -8812244654483953461,
        "settings": "minecraft:nether",
        "type": "minecraft:noise"
      }
    },
    "minecraft:the_end": {
      "type": "minecraft:the_end",
      "generator": {
        "biome_source": {
          "seed": -8812244654483953461,
          "type": "minecraft:the_end"
        },
        "seed": -8812244654483953461,
        "settings": "minecraft:end",
        "type": "minecraft:noise"
      }
    }
  },
  "seed": -8812244654483953461,
  "generate_features": true
}