{"stats":{"minecraft:picked_up":{"minecraft:lingering_potion":1,"minecraft:anvil":1,"minecraft:lead":1,"minecraft:item_frame":4,"minecraft:comparator":2,"minecraft:light_weighted_pressure_plate":1,"minecraft:player_head":4,"minecraft:cyan_terracotta":1,"minecraft:salmon":14,"minecraft:cooked_chicken":1,"minecraft:music_disc_13":1,"minecraft:gravel":1,"minecraft:damaged_anvil":1},"minecraft:dropped":{"minecraft:cooked_beef":1,"minecraft:item_frame":2,"minecraft:light_weighted_pressure_plate":1,"minecraft:cyan_terracotta":1,"minecraft:milk_bucket":1,"minecraft:dried_kelp":1,"minecraft:lever":1,"minecraft:player_head":2,"minecraft:cooked_chicken":1,"minecraft:salmon":2,"minecraft:acacia_button":1,"minecraft:crimson_button":1,"minecraft:filled_map":1,"minecraft:lingering_potion":1,"minecraft:ghast_tear":1},"minecraft:custom":{"minecraft:interact_with_anvil":11,"minecraft:mob_kills":2,"minecraft:inspect_hopper":5,"minecraft:interact_with_crafting_table":1,"minecraft:open_barrel":12,"minecraft:open_shulker_box":24,"minecraft:bell_ring":12,"minecraft:eat_cake_slice":503,"minecraft:leave_game":12,"minecraft:time_since_death":1346087,"minecraft:climb_one_cm":11332,"minecraft:sprint_one_cm":252937,"minecraft:walk_one_cm":2947408,"minecraft:drop":18,"minecraft:talked_to_villager":2,"minecraft:play_time":2576158,"minecraft:deaths":3,"minecraft:sneak_time":155316,"minecraft:walk_under_water_one_cm":52404,"minecraft:boat_one_cm":38170,"minecraft:jump":2803,"minecraft:interact_with_brewingstand":3,"minecraft:walk_on_water_one_cm":75063,"minecraft:total_world_time":2576158,"minecraft:interact_with_furnace":3,"minecraft:play_record":2,"minecraft:pot_flower":6,"minecraft:interact_with_grindstone":14,"minecraft:time_since_rest":1346088,"minecraft:damage_taken":280,"minecraft:interact_with_beacon":9,"minecraft:swim_one_cm":12061,"minecraft:fly_one_cm":30382856,"minecraft:open_chest":10,"minecraft:crouch_one_cm":152787,"minecraft:inspect_dispenser":3,"minecraft:horse_one_cm":84097},"minecraft:killed":{"minecraft:villager":2},"minecraft:used":{"minecraft:peony":1,"minecraft:oak_trapdoor":5,"minecraft:purpur_block":21,"minecraft:stripped_acacia_wood":2,"minecraft:petrified_oak_slab":4,"minecraft:nether_brick_fence":63,"minecraft:light_blue_stained_glass_pane":1012,"minecraft:jungle_leaves":16,"minecraft:jack_o_lantern":11,"minecraft:blue_terracotta":7,"minecraft:iron_bars":1159,"minecraft:dead_tube_coral_block":1,"minecraft:polished_deepslate":57,"minecraft:light_gray_stained_glass_pane":77,"minecraft:dead_bush":9,"minecraft:flint_and_steel":8,"minecraft:red_concrete":1,"minecraft:carved_pumpkin":1,"minecraft:redstone_ore":14,"minecraft:smooth_quartz_slab":2156,"minecraft:armor_stand":2,"minecraft:dispenser":1,"minecraft:spruce_slab":254,"minecraft:redstone":6,"minecraft:ladder":45,"minecraft:green_banner":1,"minecraft:spruce_planks":529,"minecraft:tinted_glass":12,"minecraft:white_terracotta":123,"minecraft:stone":64,"minecraft:stripped_jungle_wood":72,"minecraft:red_nether_brick_stairs":45,"minecraft:quartz_stairs":20,"minecraft:player_head":19,"minecraft:smooth_sandstone_stairs":1093,"minecraft:sandstone_wall":1,"minecraft:cooked_chicken":1,"minecraft:torch":28,"minecraft:spruce_leaves":45,"minecraft:orange_stained_glass":25,"minecraft:light_gray_shulker_box":13,"minecraft:brewing_stand":34,"minecraft:dirt":11,"minecraft:anvil":52,"minecraft:red_nether_brick_slab":25,"minecraft:skeleton_spawn_egg":1,"minecraft:white_carpet":16,"minecraft:blue_stained_glass":70,"minecraft:jungle_planks":100,"minecraft:prismarine_bricks":37,"minecraft:nether_bricks":504,"minecraft:cobblestone_wall":1,"minecraft:nether_brick_slab":33,"minecraft:jungle_slab":56,"minecraft:dead_tube_coral":49,"minecraft:orange_wool":111,"minecraft:light_gray_glazed_terracotta":32,"minecraft:acacia_sapling":3,"minecraft:acacia_button":3,"minecraft:music_disc_13":2,"minecraft:snowball":14,"minecraft:spruce_fence":12,"minecraft:cyan_wool":1177,"minecraft:dead_brain_coral_block":12,"minecraft:light_blue_stained_glass":359,"minecraft:obsidian":149,"minecraft:nether_brick_stairs":498,"minecraft:fern":4,"minecraft:milk_bucket":5,"minecraft:polished_diorite":147,"minecraft:polished_deepslate_stairs":1230,"minecraft:red_sandstone_stairs":32,"minecraft:birch_door":3,"minecraft:mossy_cobblestone_stairs":233,"minecraft:purple_stained_glass_pane":17,"minecraft:glass":71,"minecraft:red_shulker_box":1,"minecraft:stone_brick_slab":9,"minecraft:crimson_button":7,"minecraft:yellow_stained_glass":4,"minecraft:stripped_dark_oak_wood":87,"minecraft:flowering_azalea":16,"minecraft:sea_lantern":356,"minecraft:cyan_terracotta":142,"minecraft:lava_bucket":2,"minecraft:quartz_slab":585,"minecraft:bricks":9,"minecraft:grass_block":347,"minecraft:bookshelf":30,"minecraft:quartz_pillar":663,"minecraft:villager_spawn_egg":2,"minecraft:iron_block":5,"minecraft:jungle_fence_gate":13,"minecraft:red_wool":1,"minecraft:black_stained_glass_pane":50,"minecraft:lantern":10,"minecraft:light_weighted_pressure_plate":10,"minecraft:smooth_sandstone":1034,"minecraft:brick_stairs":1,"minecraft:acacia_slab":1005,"minecraft:orange_shulker_box":4,"minecraft:polished_deepslate_wall":3,"minecraft:polished_andesite_stairs":901,"minecraft:quartz_block":301,"minecraft:wet_sponge":1,"minecraft:dark_oak_slab":21,"minecraft:smooth_quartz":2,"minecraft:stone_brick_stairs":129,"minecraft:barrel":29,"minecraft:stone_bricks":200,"minecraft:item_frame":17,"minecraft:bedrock":17,"minecraft:repeater":2,"minecraft:red_nether_brick_wall":26,"minecraft:birch_trapdoor":6,"minecraft:glowstone":211,"minecraft:infested_mossy_stone_bricks":1,"minecraft:red_carpet":9,"minecraft:redstone_lamp":3,"minecraft:bow":1,"minecraft:black_stained_glass":12,"minecraft:jungle_button":2,"minecraft:iron_trapdoor":11,"minecraft:infested_cracked_stone_bricks":2,"minecraft:furnace":1,"minecraft:lime_stained_glass":948,"minecraft:oak_sapling":3,"minecraft:white_stained_glass_pane":297,"minecraft:gray_bed":3,"minecraft:minecart":4,"minecraft:acacia_fence":9,"minecraft:gold_block":72,"minecraft:polished_diorite_stairs":620,"minecraft:acacia_wood":10,"minecraft:gray_banner":1,"minecraft:acacia_planks":4859,"minecraft:orange_terracotta":992,"minecraft:orange_stained_glass_pane":119,"minecraft:turtle_egg":114,"minecraft:green_stained_glass_pane":349,"minecraft:horn_coral_fan":5,"minecraft:lime_glazed_terracotta":82,"minecraft:dark_oak_sapling":15,"minecraft:light_blue_carpet":18,"minecraft:birch_planks":303,"minecraft:dark_oak_stairs":30,"minecraft:water_bucket":306,"minecraft:mossy_stone_bricks":1,"minecraft:damaged_anvil":2,"minecraft:gray_carpet":17,"minecraft:light_blue_shulker_box":1,"minecraft:end_rod":37,"minecraft:nether_brick_wall":36,"minecraft:end_stone_bricks":1,"minecraft:spruce_door":2,"minecraft:cobblestone_stairs":5,"minecraft:pink_glazed_terracotta":14,"minecraft:sandstone_stairs":902,"minecraft:snow_block":7,"minecraft:prismarine_brick_slab":223,"minecraft:powered_rail":102,"minecraft:polished_andesite":47,"minecraft:birch_leaves":63,"minecraft:red_stained_glass":1,"minecraft:prismarine":70,"minecraft:acacia_trapdoor":411,"minecraft:dark_oak_sign":7,"minecraft:oak_planks":2,"minecraft:jungle_fence":69,"minecraft:red_nether_bricks":5,"minecraft:bubble_coral_fan":4,"minecraft:smooth_sandstone_slab":811,"minecraft:blue_wool":18,"minecraft:polished_diorite_slab":42,"minecraft:black_shulker_box":537,"minecraft:cut_sandstone":804,"minecraft:black_glazed_terracotta":13,"minecraft:redstone_block":14,"minecraft:spruce_sign":5,"minecraft:magenta_stained_glass":11,"minecraft:beacon":96,"minecraft:clay":504,"minecraft:spruce_fence_gate":52,"minecraft:cobblestone_slab":24,"minecraft:horse_spawn_egg":1,"minecraft:purpur_pillar":2,"minecraft:smooth_quartz_stairs":6244,"minecraft:cracked_stone_bricks":18,"minecraft:gilded_blackstone":1,"minecraft:salmon":2,"minecraft:white_wool":129,"minecraft:glow_item_frame":5,"minecraft:diamond_block":136,"minecraft:mossy_cobblestone":259,"minecraft:polished_deepslate_slab":396,"minecraft:dark_oak_trapdoor":50,"minecraft:rail":407,"minecraft:yellow_terracotta":10,"minecraft:sand":6,"minecraft:purpur_stairs":7,"minecraft:comparator":44,"minecraft:terracotta":9,"minecraft:lime_stained_glass_pane":208,"minecraft:dark_prismarine_slab":13,"minecraft:cut_sandstone_slab":839,"minecraft:tnt":49,"minecraft:black_banner":1,"minecraft:birch_sign":20,"minecraft:smooth_red_sandstone":59,"minecraft:light_gray_terracotta":46,"minecraft:yellow_concrete":123,"minecraft:acacia_leaves":207,"minecraft:dead_bubble_coral":1,"minecraft:sponge":37,"minecraft:stone_brick_wall":36,"minecraft:gray_concrete":1960,"minecraft:lingering_potion":5,"minecraft:painting":32,"minecraft:smooth_red_sandstone_stairs":502,"minecraft:cake":138,"minecraft:warped_planks":535,"minecraft:red_sandstone_wall":4,"minecraft:cyan_stained_glass":55,"minecraft:lightning_rod":3,"minecraft:redstone_torch":4,"minecraft:birch_fence":95,"minecraft:purple_stained_glass":3,"minecraft:sticky_piston":5,"minecraft:black_terracotta":1,"minecraft:gray_terracotta":1032,"minecraft:flower_pot":5,"minecraft:lever":20,"minecraft:yellow_dye":5,"minecraft:acacia_stairs":481,"minecraft:black_wool":399,"minecraft:daylight_detector":7,"minecraft:birch_fence_gate":22,"minecraft:dark_oak_log":104,"minecraft:dead_fire_coral":26,"minecraft:gray_stained_glass_pane":425,"minecraft:command_block":5,"minecraft:light_gray_concrete":394,"minecraft:heavy_weighted_pressure_plate":50,"minecraft:barrier":44,"minecraft:pig_spawn_egg":1,"minecraft:stone_button":5,"minecraft:cyan_carpet":5,"minecraft:lectern":1,"minecraft:jungle_stairs":18,"minecraft:red_terracotta":259,"minecraft:stone_slab":17,"minecraft:purpur_slab":388,"minecraft:spruce_trapdoor":252,"minecraft:iron_door":2,"minecraft:cut_red_sandstone":464,"minecraft:gravel":640,"minecraft:flowering_azalea_leaves":35,"minecraft:polished_andesite_slab":25,"minecraft:soul_lantern":8,"minecraft:magenta_stained_glass_pane":6,"minecraft:blue_carpet":2,"minecraft:green_carpet":10,"minecraft:smooth_red_sandstone_slab":235,"minecraft:coal_block":13,"minecraft:cobblestone":81,"minecraft:end_portal_frame":1,"minecraft:stripped_oak_wood":5,"minecraft:dead_horn_coral_fan":1,"minecraft:waxed_cut_copper_stairs":5,"minecraft:jungle_door":17,"minecraft:red_banner":2,"minecraft:red_concrete_powder":4,"minecraft:pink_stained_glass":1,"minecraft:grindstone":79,"minecraft:glass_pane":312,"minecraft:dark_oak_fence":223,"minecraft:chain":2,"minecraft:pink_shulker_box":3,"minecraft:white_stained_glass":24,"minecraft:sandstone_slab":459,"minecraft:oak_boat":3,"minecraft:ice":2,"minecraft:mossy_cobblestone_wall":38,"minecraft:smooth_stone_slab":1226,"minecraft:wither_rose":3,"minecraft:polished_blackstone_button":8,"minecraft:white_concrete":2399,"minecraft:bone_meal":22,"minecraft:smooth_stone":20,"minecraft:jukebox":1,"minecraft:splash_potion":1,"minecraft:gray_stained_glass":19,"minecraft:green_stained_glass":2}},"DataVersion":2975}