{"stats":{"minecraft:picked_up":{"minecraft:polished_deepslate_stairs":1,"minecraft:bedrock":1,"minecraft:cut_sandstone_slab":1},"minecraft:dropped":{"minecraft:bedrock":1,"minecraft:polished_deepslate_stairs":1,"minecraft:cut_sandstone_slab":1},"minecraft:custom":{"minecraft:time_since_rest":21168,"minecraft:crouch_one_cm":3957,"minecraft:play_time":21168,"minecraft:sprint_one_cm":13612,"minecraft:walk_one_cm":47116,"minecraft:sneak_time":1723,"minecraft:interact_with_anvil":1,"minecraft:drop":3,"minecraft:jump":185,"minecraft:leave_game":1,"minecraft:time_since_death":21168,"minecraft:total_world_time":21168,"minecraft:fly_one_cm":189836},"minecraft:used":{"minecraft:polished_deepslate_stairs":1,"minecraft:bedrock":17,"minecraft:purpur_stairs":1,"minecraft:snow_block":19,"minecraft:cut_sandstone_slab":1,"minecraft:quartz_slab":2,"minecraft:nether_bricks":5,"minecraft:quartz_block":1}},"DataVersion":2975}