{"stats":{"minecraft:mined":{"minecraft:grass_block":1},"minecraft:dropped":{"minecraft:spruce_slab":2,"minecraft:elytra":2},"minecraft:custom":{"minecraft:time_since_rest":288,"minecraft:sprint_one_cm":104656,"minecraft:walk_one_cm":359826,"minecraft:damage_taken":4230,"minecraft:interact_with_anvil":1,"minecraft:mob_kills":3,"minecraft:drop":4,"minecraft:damage_dealt":271,"minecraft:fly_one_cm":583201,"minecraft:pig_one_cm":26405,"minecraft:crouch_one_cm":11633,"minecraft:open_shulker_box":1,"minecraft:play_time":136997,"minecraft:deaths":8,"minecraft:sneak_time":3924,"minecraft:walk_under_water_one_cm":567,"minecraft:jump":527,"minecraft:aviate_one_cm":5199381,"minecraft:damage_dealt_resisted":2,"minecraft:leave_game":3,"minecraft:time_since_death":288,"minecraft:walk_on_water_one_cm":918,"minecraft:total_world_time":136997,"minecraft:fall_one_cm":38833},"minecraft:killed":{"minecraft:sheep":3},"minecraft:used":{"minecraft:redstone_torch":1,"minecraft:dark_oak_planks":77,"minecraft:netherite_sword":3,"minecraft:nether_brick_wall":26,"minecraft:firework_rocket":353,"minecraft:stripped_dark_oak_wood":81,"minecraft:dark_oak_log":4,"minecraft:command_block":1,"minecraft:grass_block":1,"minecraft:lantern":9,"minecraft:armor_stand":1,"minecraft:spruce_button":4,"minecraft:spruce_slab":558,"minecraft:redstone":3,"minecraft:carrot_on_a_stick":44,"minecraft:bone_block":6,"minecraft:acacia_slab":1,"minecraft:composter":26,"minecraft:spruce_trapdoor":2,"minecraft:redstone_block":64,"minecraft:spruce_sign":7,"minecraft:white_dye":1,"minecraft:glow_ink_sac":1,"minecraft:spruce_fence_gate":1,"minecraft:player_head":6,"minecraft:barrel":6,"minecraft:stone_bricks":71,"minecraft:item_frame":3,"minecraft:white_wool":89,"minecraft:birch_trapdoor":18,"minecraft:anvil":2,"minecraft:cobblestone":30,"minecraft:stripped_dark_oak_log":30,"minecraft:oak_slab":64,"minecraft:nether_bricks":15,"minecraft:spruce_stairs":2,"minecraft:acacia_fence":28,"minecraft:nether_brick_slab":214,"minecraft:repeating_command_block":2,"minecraft:dark_oak_fence_gate":30,"minecraft:jungle_trapdoor":4,"minecraft:gray_concrete":321,"minecraft:acacia_planks":3,"minecraft:gray_wool":12,"minecraft:stripped_spruce_log":85,"minecraft:splash_potion":1,"minecraft:crimson_fence_gate":6},"minecraft:picked_up":{"minecraft:elytra":1,"minecraft:spruce_slab":2}},"DataVersion":2730}