{"stats":{"minecraft:killed":{"minecraft:skeleton":3,"minecraft:chicken":5,"minecraft:tropical_fish":11,"minecraft:pig":12,"minecraft:rabbit":69,"minecraft:zombie":9,"minecraft:villager":5},"minecraft:used":{"minecraft:oak_fence":378,"minecraft:petrified_oak_slab":2,"minecraft:netherite_sword":70,"minecraft:jungle_leaves":8,"minecraft:writable_book":3,"minecraft:iron_bars":102,"minecraft:flint_and_steel":4,"minecraft:orange_concrete":121,"minecraft:armor_stand":8,"minecraft:smooth_quartz_slab":70,"minecraft:red_concrete":197,"minecraft:spruce_slab":34,"minecraft:redstone":76,"minecraft:carrot_on_a_stick":930,"minecraft:ladder":41,"minecraft:oak_sign":9,"minecraft:spruce_planks":60,"minecraft:chest":10,"minecraft:white_terracotta":28,"minecraft:stone":201,"minecraft:red_nether_brick_stairs":136,"minecraft:grass":7,"minecraft:quartz_stairs":1398,"minecraft:bell":1,"minecraft:player_head":18,"minecraft:farmland":2,"minecraft:debug_stick":2827,"minecraft:orange_bed":1,"minecraft:dirt":115,"minecraft:red_nether_brick_slab":13,"minecraft:white_carpet":24,"minecraft:hopper":28,"minecraft:brick_slab":25,"minecraft:nether_bricks":10,"minecraft:spruce_stairs":15,"minecraft:prismarine_brick_stairs":2,"minecraft:stone_stairs":12,"minecraft:cod_bucket":4,"minecraft:oak_wood":46,"minecraft:salmon_bucket":5,"minecraft:polished_granite_slab":6,"minecraft:blue_concrete":8,"minecraft:polished_diorite":431,"minecraft:glass":313,"minecraft:iron_hoe":2,"minecraft:stone_brick_slab":50,"minecraft:wooden_axe":12,"minecraft:sea_lantern":354,"minecraft:lava_bucket":24,"minecraft:netherite_shovel":2,"minecraft:bricks":574,"minecraft:quartz_pillar":2,"minecraft:villager_spawn_egg":11,"minecraft:quartz_slab":22,"minecraft:red_wool":56,"minecraft:black_stained_glass_pane":5,"minecraft:lantern":15,"minecraft:grass_block":553,"minecraft:oak_stairs":763,"minecraft:brick_stairs":38,"minecraft:polished_andesite_stairs":379,"minecraft:quartz_block":1932,"minecraft:green_wool":27,"minecraft:chicken_spawn_egg":11,"minecraft:netherite_hoe":590,"minecraft:polished_blackstone_brick_stairs":3,"minecraft:smooth_quartz":222,"minecraft:diorite_wall":157,"minecraft:pink_wool":32,"minecraft:barrel":4,"minecraft:stone_brick_stairs":33,"minecraft:stone_bricks":246,"minecraft:repeater":40,"minecraft:emerald_block":1,"minecraft:item_frame":391,"minecraft:warped_stairs":32,"minecraft:red_carpet":20,"minecraft:bedrock":6,"minecraft:lime_concrete":6,"minecraft:tripwire_hook":5,"minecraft:purple_concrete":15,"minecraft:glowstone":259,"minecraft:bow":40,"minecraft:redstone_lamp":15,"minecraft:infested_mossy_stone_bricks":1,"minecraft:brown_carpet":3,"minecraft:snow":2,"minecraft:black_stained_glass":12,"minecraft:magenta_wool":46,"minecraft:hay_block":3,"minecraft:scaffolding":34,"minecraft:iron_trapdoor":106,"minecraft:yellow_glazed_terracotta":11,"minecraft:furnace":2,"minecraft:polished_diorite_stairs":47,"minecraft:gold_block":2,"minecraft:skeleton_skull":8,"minecraft:cooked_beef":25,"minecraft:observer":1,"minecraft:turtle_egg":1,"minecraft:wheat_seeds":116,"minecraft:yellow_banner":1,"minecraft:water_bucket":162,"minecraft:nether_brick_wall":20,"minecraft:end_rod":3,"minecraft:end_stone_bricks":4,"minecraft:wither_skeleton_skull":16,"minecraft:lead":3,"minecraft:polished_andesite":82,"minecraft:oak_planks":1018,"minecraft:lime_wool":1,"minecraft:red_nether_bricks":436,"minecraft:blue_wool":12,"minecraft:polished_diorite_slab":13,"minecraft:ender_pearl":5,"minecraft:wooden_pickaxe":13,"minecraft:sandstone":16,"minecraft:redstone_block":54,"minecraft:cauldron":7,"minecraft:smooth_quartz_stairs":3,"minecraft:cracked_stone_bricks":1,"minecraft:conduit":1,"minecraft:polished_blackstone_bricks":5,"minecraft:oak_leaves":807,"minecraft:white_wool":14,"minecraft:dark_oak_trapdoor":8,"minecraft:mossy_cobblestone":13,"minecraft:diamond_block":1,"minecraft:sand":128,"minecraft:tnt":80,"minecraft:comparator":27,"minecraft:light_blue_concrete":1,"minecraft:oak_slab":171,"minecraft:red_bed":12,"minecraft:birch_sign":2,"minecraft:yellow_concrete":671,"minecraft:campfire":9,"minecraft:stone_brick_wall":99,"minecraft:gray_concrete":471,"minecraft:lingering_potion":9,"minecraft:warped_planks":55,"minecraft:dark_oak_door":4,"minecraft:redstone_torch":14,"minecraft:oak_log":187,"minecraft:black_terracotta":6,"minecraft:green_concrete":8,"minecraft:lever":6,"minecraft:flower_pot":1,"minecraft:black_wool":34,"minecraft:cornflower":1,"minecraft:black_concrete":518,"minecraft:diamond_shovel":1,"minecraft:birch_slab":25,"minecraft:command_block":119,"minecraft:light_gray_concrete":162,"minecraft:stone_button":37,"minecraft:string":5,"minecraft:oak_button":5,"minecraft:pig_spawn_egg":5,"minecraft:map":44,"minecraft:spruce_trapdoor":2,"minecraft:oak_pressure_plate":3,"minecraft:iron_door":13,"minecraft:prismarine_wall":1,"minecraft:granite_slab":1,"minecraft:diamond_sword":33,"minecraft:fishing_rod":11,"minecraft:coal_block":5,"minecraft:cobblestone":1,"minecraft:potion":50,"minecraft:stripped_oak_wood":25,"minecraft:cooked_porkchop":2,"minecraft:dark_oak_fence":10,"minecraft:repeating_command_block":33,"minecraft:white_stained_glass":236,"minecraft:bucket":1,"minecraft:chain_command_block":94,"minecraft:glass_pane":46,"minecraft:smooth_stone_slab":733,"minecraft:polished_blackstone_button":6,"minecraft:stripped_oak_log":86,"minecraft:white_concrete":128,"minecraft:tropical_fish_bucket":30,"minecraft:warped_button":1,"minecraft:smooth_stone":723,"minecraft:bone_meal":213,"minecraft:splash_potion":54,"minecraft:cobweb":10,"minecraft:green_stained_glass":15},"minecraft:dropped":{"minecraft:cooked_beef":64,"minecraft:baked_potato":1,"minecraft:netherite_chestplate":3,"minecraft:command_block":3,"minecraft:grass_block":6,"minecraft:carrot_on_a_stick":2,"minecraft:coal":1,"minecraft:coal_block":1,"minecraft:stick":4,"minecraft:item_frame":2,"minecraft:grass":1,"minecraft:torch":6,"minecraft:wooden_axe":7,"minecraft:white_concrete":6,"minecraft:black_concrete":1,"minecraft:redstone":1,"minecraft:player_head":2,"minecraft:oak_planks":1,"minecraft:enchanted_golden_apple":9,"minecraft:stone":4,"minecraft:quartz_block":1,"minecraft:quartz_stairs":2,"minecraft:hopper":2,"minecraft:oak_sapling":2,"minecraft:bow":3,"minecraft:oak_leaves":1,"minecraft:black_wool":1},"minecraft:crafted":{"minecraft:leather_leggings":6,"minecraft:leather_boots":12,"minecraft:leather_chestplate":12},"minecraft:custom":{"minecraft:mob_kills":115,"minecraft:inspect_hopper":1,"minecraft:open_barrel":32,"minecraft:fill_cauldron":5,"minecraft:bell_ring":33,"minecraft:damage_dealt_resisted":109849,"minecraft:leave_game":29,"minecraft:time_since_death":6598,"minecraft:climb_one_cm":19659,"minecraft:sprint_one_cm":1163004,"minecraft:walk_one_cm":2581975,"minecraft:drop":65,"minecraft:damage_dealt_absorbed":60,"minecraft:walk_under_water_one_cm":56870,"minecraft:sneak_time":106951,"minecraft:deaths":87,"minecraft:jump":5169,"minecraft:interact_with_blast_furnace":2,"minecraft:walk_on_water_one_cm":67223,"minecraft:interact_with_furnace":9,"minecraft:play_one_minute":2142867,"minecraft:pot_flower":1,"minecraft:time_since_rest":6599,"minecraft:damage_taken":57115,"minecraft:minecart_one_cm":148,"minecraft:damage_dealt":9252,"minecraft:swim_one_cm":11530,"minecraft:fly_one_cm":32421783,"minecraft:player_kills":81,"minecraft:open_chest":100,"minecraft:pig_one_cm":1404379,"minecraft:crouch_one_cm":222718,"minecraft:aviate_one_cm":230718,"minecraft:fall_one_cm":649396},"minecraft:picked_up":{"minecraft:wooden_axe":3,"minecraft:azure_bluet":1,"minecraft:splash_potion":2,"minecraft:lead":6,"minecraft:potion":2,"minecraft:oak_stairs":1,"minecraft:cornflower":6,"minecraft:item_frame":21,"minecraft:poppy":1,"minecraft:enchanted_golden_apple":3,"minecraft:quartz_stairs":1,"minecraft:dark_oak_door":4,"minecraft:stick":6,"minecraft:stone":4,"minecraft:torch":6,"minecraft:porkchop":10,"minecraft:stone_button":10,"minecraft:rabbit_foot":8,"minecraft:tropical_fish":21,"minecraft:command_block":1,"minecraft:saddle":3,"minecraft:oxeye_daisy":1,"minecraft:iron_door":2,"minecraft:carrot_on_a_stick":2,"minecraft:filled_map":2,"minecraft:bow":2,"minecraft:wheat_seeds":10,"minecraft:rabbit_hide":28,"minecraft:rabbit":28,"minecraft:oak_planks":1,"minecraft:oak_slab":1,"minecraft:dandelion":3,"minecraft:sand":51,"minecraft:grass_block":4,"minecraft:sea_lantern":4,"minecraft:black_concrete":1,"minecraft:grass":1,"minecraft:white_concrete":71,"minecraft:oak_sapling":12,"minecraft:hopper":1},"minecraft:mined":{"minecraft:fire":1,"minecraft:stone":13,"minecraft:tall_grass":1},"minecraft:killed_by":{"minecraft:player":70}},"DataVersion":2586}