{"stats":{"minecraft:killed":{"minecraft:chicken":2,"minecraft:cat":3,"minecraft:pig":2,"minecraft:iron_golem":3,"minecraft:horse":3,"minecraft:rabbit":4,"minecraft:villager":11},"minecraft:custom":{"minecraft:interact_with_crafting_table":1,"minecraft:open_barrel":5,"minecraft:open_shulker_box":6,"minecraft:bell_ring":4,"minecraft:eat_cake_slice":183,"minecraft:leave_game":49,"minecraft:time_since_death":509155,"minecraft:sprint_one_cm":1090013,"minecraft:drop":13,"minecraft:play_time":3007732,"minecraft:deaths":8,"minecraft:jump":5198,"minecraft:interact_with_brewingstand":2,"minecraft:walk_on_water_one_cm":287880,"minecraft:interact_with_furnace":2,"minecraft:open_enderchest":1,"minecraft:damage_dealt":7058,"minecraft:crouch_one_cm":103105,"minecraft:mob_kills":30,"minecraft:interact_with_anvil":3,"minecraft:inspect_hopper":1,"minecraft:fill_cauldron":1,"minecraft:interact_with_campfire":5,"minecraft:climb_one_cm":32112,"minecraft:walk_one_cm":2126734,"minecraft:sneak_time":153560,"minecraft:walk_under_water_one_cm":118940,"minecraft:total_world_time":3155985,"minecraft:tune_noteblock":2,"minecraft:pot_flower":32,"minecraft:interact_with_grindstone":5,"minecraft:time_since_rest":509155,"minecraft:damage_taken":4250,"minecraft:swim_one_cm":14995,"minecraft:fly_one_cm":105663374,"minecraft:open_chest":34,"minecraft:pig_one_cm":79699,"minecraft:aviate_one_cm":2502689,"minecraft:fall_one_cm":43937},"minecraft:dropped":{"minecraft:carrot_on_a_stick":1,"minecraft:item_frame":2,"minecraft:bone_meal":1,"minecraft:birch_stairs":1,"minecraft:waxed_cut_copper_slab":2,"minecraft:cooked_chicken":1,"minecraft:turtle_egg":1,"minecraft:brewing_stand":1,"minecraft:wooden_axe":2,"minecraft:mossy_stone_bricks":1},"minecraft:used":{"minecraft:peony":104,"minecraft:nether_brick_fence":408,"minecraft:light_blue_stained_glass_pane":98,"minecraft:writable_book":2,"minecraft:smooth_quartz_slab":1044,"minecraft:elytra":2,"minecraft:dead_brain_coral":64,"minecraft:spruce_slab":12,"minecraft:dead_tube_coral_fan":45,"minecraft:carrot_on_a_stick":1,"minecraft:poppy":4,"minecraft:ladder":28,"minecraft:oak_sign":8,"minecraft:black_carpet":352,"minecraft:chest":11,"minecraft:white_terracotta":32,"minecraft:stone":350,"minecraft:brown_concrete":51,"minecraft:white_shulker_box":9,"minecraft:stripped_jungle_wood":4,"minecraft:red_nether_brick_stairs":14,"minecraft:quartz_stairs":621,"minecraft:bell":3,"minecraft:player_head":8,"minecraft:smooth_sandstone_stairs":34,"minecraft:spruce_leaves":28,"minecraft:debug_stick":156,"minecraft:oxidized_cut_copper":3,"minecraft:soul_sand":20,"minecraft:birch_pressure_plate":1,"minecraft:blue_stained_glass":26,"minecraft:brick_slab":67,"minecraft:jungle_planks":7,"minecraft:prismarine_brick_stairs":15,"minecraft:weathered_cut_copper_stairs":2,"minecraft:allium":2,"minecraft:orange_wool":11,"minecraft:acacia_sapling":19,"minecraft:acacia_button":3,"minecraft:cyan_wool":231,"minecraft:obsidian":5,"minecraft:big_dripleaf":3,"minecraft:red_sandstone_stairs":22,"minecraft:jungle_sapling":1,"minecraft:glass":171,"minecraft:crimson_button":43,"minecraft:packed_ice":2,"minecraft:honey_block":5,"minecraft:cyan_terracotta":75,"minecraft:bricks":597,"minecraft:quartz_pillar":221,"minecraft:red_wool":39,"minecraft:jungle_fence_gate":250,"minecraft:quartz_slab":491,"minecraft:black_stained_glass_pane":109,"minecraft:lantern":146,"minecraft:grass_block":286,"minecraft:blue_orchid":3,"minecraft:birch_sapling":11,"minecraft:orange_shulker_box":5,"minecraft:quartz_block":1771,"minecraft:dark_oak_leaves":61,"minecraft:dark_oak_slab":4,"minecraft:dark_oak_button":1,"minecraft:diorite_wall":54,"minecraft:pink_wool":69,"minecraft:stone_brick_stairs":149,"minecraft:stone_bricks":79,"minecraft:item_frame":119,"minecraft:bedrock":1,"minecraft:repeater":44,"minecraft:red_nether_brick_wall":4,"minecraft:birch_button":2,"minecraft:birch_trapdoor":37,"minecraft:magma_block":5,"minecraft:red_carpet":110,"minecraft:bow":4,"minecraft:redstone_lamp":3,"minecraft:infested_mossy_stone_bricks":2,"minecraft:brown_carpet":52,"minecraft:snow":52,"minecraft:written_book":12,"minecraft:scaffolding":4,"minecraft:jungle_button":10,"minecraft:oak_sapling":4,"minecraft:blue_shulker_box":4,"minecraft:furnace":11,"minecraft:oxidized_cut_copper_stairs":57,"minecraft:acacia_fence":317,"minecraft:polished_diorite_stairs":44,"minecraft:egg":18,"minecraft:end_stone_brick_stairs":5,"minecraft:fire_coral_fan":2,"minecraft:dead_brain_coral_fan":12,"minecraft:green_stained_glass_pane":243,"minecraft:stripped_spruce_wood":10,"minecraft:dark_oak_stairs":8,"minecraft:mossy_stone_bricks":47,"minecraft:end_rod":13,"minecraft:tube_coral_fan":2,"minecraft:end_stone_bricks":24,"minecraft:spruce_door":7,"minecraft:wither_skeleton_skull":1,"minecraft:gray_carpet":16,"minecraft:birch_leaves":396,"minecraft:acacia_trapdoor":75,"minecraft:powered_rail":1,"minecraft:jungle_fence":102,"minecraft:birch_wood":14,"minecraft:sandstone":39,"minecraft:redstone_block":46,"minecraft:diamond_axe":88,"minecraft:oak_leaves":329,"minecraft:smooth_quartz_stairs":1456,"minecraft:white_wool":279,"minecraft:respawn_anchor":1,"minecraft:glow_berries":1,"minecraft:dark_oak_trapdoor":65,"minecraft:sand":19,"minecraft:purpur_stairs":8,"minecraft:yellow_terracotta":76,"minecraft:light_blue_concrete":289,"minecraft:lime_stained_glass_pane":9,"minecraft:blast_furnace":5,"minecraft:yellow_concrete":747,"minecraft:light_gray_terracotta":8,"minecraft:blue_ice":4,"minecraft:crossbow":2,"minecraft:acacia_leaves":275,"minecraft:dead_bubble_coral":59,"minecraft:chiseled_quartz_block":5,"minecraft:note_block":4,"minecraft:stone_brick_wall":850,"minecraft:gray_concrete":1287,"minecraft:end_stone":60,"minecraft:birch_fence":143,"minecraft:redstone_torch":3,"minecraft:sticky_piston":13,"minecraft:dead_fire_coral_fan":72,"minecraft:lever":9,"minecraft:green_concrete":536,"minecraft:black_concrete":852,"minecraft:crying_obsidian":1,"minecraft:birch_fence_gate":9,"minecraft:daylight_detector":47,"minecraft:acacia_door":37,"minecraft:birch_slab":15,"minecraft:light_gray_concrete":129,"minecraft:lime_carpet":4,"minecraft:barrier":4,"minecraft:stone_button":202,"minecraft:white_glazed_terracotta":12,"minecraft:red_terracotta":450,"minecraft:oak_pressure_plate":4,"minecraft:iron_door":7,"minecraft:gravel":47,"minecraft:lilac":105,"minecraft:polished_andesite_slab":1,"minecraft:soul_lantern":5,"minecraft:magenta_stained_glass_pane":22,"minecraft:dead_horn_coral":111,"minecraft:smooth_red_sandstone_slab":235,"minecraft:diamond_sword":6,"minecraft:coal_block":109,"minecraft:dead_horn_coral_fan":5,"minecraft:grindstone":13,"minecraft:smooth_stone_slab":658,"minecraft:dark_oak_fence":90,"minecraft:waxed_oxidized_cut_copper_stairs":1,"minecraft:white_stained_glass":127,"minecraft:crimson_door":3,"minecraft:birch_log":13,"minecraft:chain":47,"minecraft:mossy_cobblestone_wall":12,"minecraft:pink_stained_glass":212,"minecraft:ice":132,"minecraft:waxed_cut_copper_stairs":8,"minecraft:white_concrete":1586,"minecraft:bone_meal":1147,"minecraft:purple_wool":14,"minecraft:oak_fence":197,"minecraft:oak_trapdoor":43,"minecraft:purpur_block":7,"minecraft:stripped_acacia_wood":8,"minecraft:petrified_oak_slab":15,"minecraft:jungle_leaves":172,"minecraft:rose_bush":111,"minecraft:iron_bars":423,"minecraft:acacia_log":7,"minecraft:orange_concrete":453,"minecraft:flint_and_steel":1,"minecraft:redstone_ore":3,"minecraft:armor_stand":14,"minecraft:red_concrete":455,"minecraft:redstone":3,"minecraft:spruce_planks":204,"minecraft:ender_chest":1,"minecraft:sandstone_wall":2,"minecraft:cooked_chicken":1,"minecraft:oak_door":28,"minecraft:orange_stained_glass":4,"minecraft:torch":43,"minecraft:brewing_stand":133,"minecraft:dirt":10,"minecraft:anvil":1,"minecraft:white_carpet":44,"minecraft:hopper":6,"minecraft:nether_quartz_ore":4,"minecraft:prismarine_bricks":75,"minecraft:spruce_stairs":242,"minecraft:cobblestone_wall":3,"minecraft:crimson_hyphae":1,"minecraft:dead_tube_coral":183,"minecraft:warped_door":5,"minecraft:oak_wood":42,"minecraft:yellow_carpet":13,"minecraft:pink_carpet":2,"minecraft:jungle_trapdoor":11,"minecraft:spruce_fence":45,"minecraft:blue_concrete":156,"minecraft:light_blue_stained_glass":508,"minecraft:nether_brick_stairs":3,"minecraft:oak_fence_gate":5,"minecraft:polished_diorite":126,"minecraft:birch_door":14,"minecraft:shroomlight":4,"minecraft:purple_stained_glass_pane":8,"minecraft:stone_brick_slab":6,"minecraft:red_shulker_box":4,"minecraft:dark_oak_planks":130,"minecraft:sea_lantern":262,"minecraft:bookshelf":2,"minecraft:cyan_shulker_box":3,"minecraft:iron_block":440,"minecraft:light_weighted_pressure_plate":290,"minecraft:oak_stairs":116,"minecraft:slime_block":1,"minecraft:spruce_button":1,"minecraft:brick_stairs":143,"minecraft:smooth_sandstone":14,"minecraft:acacia_slab":3,"minecraft:jungle_log":11,"minecraft:smooth_quartz":1295,"minecraft:pink_stained_glass_pane":12,"minecraft:barrel":28,"minecraft:basalt":1,"minecraft:tripwire_hook":4,"minecraft:purple_concrete":40,"minecraft:glowstone":262,"minecraft:waxed_cut_copper_slab":18,"minecraft:lime_concrete":201,"minecraft:warped_stairs":1,"minecraft:black_stained_glass":1,"minecraft:emerald_block":4,"minecraft:iron_trapdoor":292,"minecraft:wolf_spawn_egg":2,"minecraft:podzol":2,"minecraft:minecart":2,"minecraft:stone_pressure_plate":2,"minecraft:dead_bubble_coral_block":1,"minecraft:acacia_planks":18,"minecraft:brown_candle":1,"minecraft:turtle_egg":74,"minecraft:dead_bubble_coral_fan":32,"minecraft:horn_coral_fan":1,"minecraft:pointed_dripstone":2,"minecraft:cobbled_deepslate_wall":1,"minecraft:quartz_bricks":57,"minecraft:water_bucket":123,"minecraft:nether_brick_wall":58,"minecraft:iron_ore":39,"minecraft:birch_planks":72,"minecraft:lead":1,"minecraft:polished_andesite":4,"minecraft:lime_wool":1,"minecraft:cartography_table":3,"minecraft:blue_wool":13,"minecraft:smooth_sandstone_slab":15,"minecraft:spruce_sign":68,"minecraft:white_dye":3,"minecraft:cauldron":18,"minecraft:magenta_stained_glass":188,"minecraft:stonecutter":1,"minecraft:fletching_table":62,"minecraft:waxed_copper_block":2,"minecraft:cracked_stone_bricks":178,"minecraft:glow_item_frame":10,"minecraft:pink_concrete":164,"minecraft:polished_blackstone_pressure_plate":2,"minecraft:mossy_cobblestone":1,"minecraft:diamond_block":1,"minecraft:orange_carpet":2,"minecraft:light_gray_banner":20,"minecraft:rail":996,"minecraft:comparator":38,"minecraft:vine":14,"minecraft:oak_slab":5,"minecraft:crimson_trapdoor":2,"minecraft:birch_sign":92,"minecraft:yellow_stained_glass_pane":8,"minecraft:campfire":21,"minecraft:dark_oak_fence_gate":5,"minecraft:polar_bear_spawn_egg":1,"minecraft:painting":528,"minecraft:infested_stone_bricks":442,"minecraft:cake":51,"minecraft:spruce_log":23,"minecraft:dark_oak_door":8,"minecraft:cyan_stained_glass":121,"minecraft:purple_stained_glass":226,"minecraft:oak_log":113,"minecraft:netherite_block":6,"minecraft:activator_rail":6,"minecraft:flower_pot":43,"minecraft:acacia_stairs":20,"minecraft:cornflower":3,"minecraft:black_wool":295,"minecraft:apple":1,"minecraft:warped_trapdoor":1,"minecraft:acacia_sign":58,"minecraft:dead_fire_coral":329,"minecraft:command_block":5,"minecraft:oak_button":1,"minecraft:map":1,"minecraft:spruce_pressure_plate":5,"minecraft:magenta_concrete":58,"minecraft:jungle_stairs":168,"minecraft:cyan_concrete":354,"minecraft:stone_slab":36,"minecraft:purpur_slab":19,"minecraft:spruce_trapdoor":31,"minecraft:spruce_sapling":78,"minecraft:yellow_wool":14,"minecraft:acacia_fence_gate":57,"minecraft:crimson_sign":5,"minecraft:blue_carpet":10,"minecraft:chiseled_stone_bricks":5,"minecraft:cobblestone":36,"minecraft:azalea_leaves":2,"minecraft:sandstone_slab":5,"minecraft:jungle_door":75,"minecraft:lapis_block":2,"minecraft:bucket":5,"minecraft:polished_blackstone_button":2,"minecraft:sea_pickle":1,"minecraft:dandelion":4,"minecraft:jukebox":4,"minecraft:smooth_stone":665,"minecraft:candle":2,"minecraft:soul_torch":17,"minecraft:birch_stairs":110,"minecraft:green_stained_glass":88},"minecraft:picked_up":{"minecraft:wooden_axe":2,"minecraft:lead":1,"minecraft:turtle_egg":1,"minecraft:brewing_stand":1,"minecraft:waxed_cut_copper_slab":2,"minecraft:cooked_beef":1,"minecraft:bow":2,"minecraft:mossy_stone_bricks":1,"minecraft:cooked_porkchop":5,"minecraft:sand":77,"minecraft:bone_meal":1,"minecraft:item_frame":10,"minecraft:detector_rail":1,"minecraft:beef":6,"minecraft:egg":1,"minecraft:arrow":2,"minecraft:carrot_on_a_stick":1,"minecraft:cooked_chicken":1,"minecraft:birch_stairs":1,"minecraft:pumpkin_seeds":1,"minecraft:painting":1,"minecraft:coal":3}},"DataVersion":2975}