{"stats":{"minecraft:killed":{"minecraft:panda":1},"minecraft:picked_up":{"minecraft:phantom_membrane":1},"minecraft:used":{"minecraft:panda_spawn_egg":2,"minecraft:diamond_axe":2,"minecraft:lightning_rod":3},"minecraft:custom":{"minecraft:jump":3207,"minecraft:time_since_rest":96962,"minecraft:damage_dealt":200,"minecraft:crouch_one_cm":801,"minecraft:leave_game":2,"minecraft:sprint_one_cm":409844,"minecraft:play_time":96962,"minecraft:time_since_death":96962,"minecraft:walk_on_water_one_cm":2110,"minecraft:walk_one_cm":81867,"minecraft:sneak_time":1147,"minecraft:total_world_time":96962,"minecraft:climb_one_cm":558,"minecraft:mob_kills":1,"minecraft:fly_one_cm":2492370,"minecraft:fall_one_cm":465}},"DataVersion":3465}