{"stats":{"minecraft:killed":{"minecraft:panda":1},"minecraft:picked_up":{"minecraft:phantom_membrane":1},"minecraft:used":{"minecraft:panda_spawn_egg":2,"minecraft:diamond_axe":2,"minecraft:lightning_rod":3},"minecraft:custom":{"minecraft:jump":538,"minecraft:time_since_rest":30000,"minecraft:damage_dealt":200,"minecraft:crouch_one_cm":394,"minecraft:sprint_one_cm":96617,"minecraft:play_time":30000,"minecraft:walk_on_water_one_cm":101,"minecraft:time_since_death":30000,"minecraft:walk_one_cm":66372,"minecraft:sneak_time":468,"minecraft:climb_one_cm":558,"minecraft:total_world_time":30000,"minecraft:mob_kills":1,"minecraft:fall_one_cm":465,"minecraft:fly_one_cm":553145}},"DataVersion":3465}