{"stats":{"minecraft:killed":{"minecraft:panda":1},"minecraft:picked_up":{"minecraft:phantom_membrane":1},"minecraft:used":{"minecraft:panda_spawn_egg":2,"minecraft:diamond_axe":2,"minecraft:lightning_rod":3},"minecraft:custom":{"minecraft:jump":2320,"minecraft:time_since_rest":70030,"minecraft:damage_dealt":200,"minecraft:crouch_one_cm":461,"minecraft:leave_game":1,"minecraft:sprint_one_cm":301354,"minecraft:play_time":70030,"minecraft:time_since_death":70030,"minecraft:walk_on_water_one_cm":880,"minecraft:walk_one_cm":73842,"minecraft:sneak_time":600,"minecraft:total_world_time":70030,"minecraft:climb_one_cm":558,"minecraft:mob_kills":1,"minecraft:fly_one_cm":1683498,"minecraft:fall_one_cm":465}},"DataVersion":3465}