{"stats":{"minecraft:killed":{"minecraft:panda":1},"minecraft:picked_up":{"minecraft:phantom_membrane":1},"minecraft:used":{"minecraft:panda_spawn_egg":2,"minecraft:diamond_axe":2,"minecraft:lightning_rod":3},"minecraft:custom":{"minecraft:jump":1089,"minecraft:time_since_rest":40030,"minecraft:leave_game":1,"minecraft:damage_dealt":200,"minecraft:crouch_one_cm":394,"minecraft:sprint_one_cm":154851,"minecraft:play_time":40030,"minecraft:walk_on_water_one_cm":460,"minecraft:time_since_death":40030,"minecraft:walk_one_cm":68668,"minecraft:sneak_time":468,"minecraft:climb_one_cm":558,"minecraft:total_world_time":40030,"minecraft:mob_kills":1,"minecraft:fall_one_cm":465,"minecraft:fly_one_cm":850366}},"DataVersion":3465}