{"stats":{"minecraft:killed":{"minecraft:panda":1},"minecraft:picked_up":{"minecraft:phantom_membrane":1},"minecraft:used":{"minecraft:panda_spawn_egg":2,"minecraft:diamond_axe":2,"minecraft:lightning_rod":3},"minecraft:custom":{"minecraft:jump":2757,"minecraft:time_since_rest":82030,"minecraft:damage_dealt":200,"minecraft:crouch_one_cm":691,"minecraft:leave_game":1,"minecraft:sprint_one_cm":357980,"minecraft:play_time":82030,"minecraft:time_since_death":82030,"minecraft:walk_on_water_one_cm":880,"minecraft:walk_one_cm":79164,"minecraft:sneak_time":1030,"minecraft:total_world_time":82030,"minecraft:climb_one_cm":558,"minecraft:mob_kills":1,"minecraft:fly_one_cm":2130185,"minecraft:fall_one_cm":465}},"DataVersion":3465}