{"stats":{"minecraft:picked_up":{"minecraft:wooden_axe":6,"minecraft:birch_door":1,"minecraft:iron_chestplate":1,"minecraft:dead_horn_coral_fan":1,"minecraft:dark_oak_trapdoor":1,"minecraft:smooth_stone_slab":1,"minecraft:oak_sign":1,"minecraft:smooth_stone":1,"minecraft:black_glazed_terracotta":1,"minecraft:written_book":2,"minecraft:smooth_quartz":64,"minecraft:dark_oak_door":5,"minecraft:golden_helmet":1,"minecraft:stick":39,"minecraft:torch":1,"minecraft:spruce_stairs":64,"minecraft:snow_block":1,"minecraft:crimson_button":4,"minecraft:tropical_fish":3,"minecraft:glowstone":64,"minecraft:netherite_chestplate":1,"minecraft:iron_bars":64,"minecraft:snowball":16,"minecraft:leather_chestplate":4,"minecraft:polished_diorite_slab":64,"minecraft:cooked_beef":54,"minecraft:lantern":27,"minecraft:leather_boots":3,"minecraft:bone":1,"minecraft:chipped_anvil":1,"minecraft:bow":2,"minecraft:wheat_seeds":69,"minecraft:bell":1,"minecraft:rabbit":1,"minecraft:oak_planks":64,"minecraft:debug_stick":1,"minecraft:sand":126,"minecraft:fermented_spider_eye":1,"minecraft:diamond_block":1,"minecraft:polished_andesite":1,"minecraft:green_concrete":2,"minecraft:lever":1,"minecraft:bone_meal":1,"minecraft:grass":1,"minecraft:bread":1,"minecraft:oak_sapling":36,"minecraft:azure_bluet":1,"minecraft:turtle_helmet":1,"minecraft:leather_leggings":3,"minecraft:dragon_head":1,"minecraft:cornflower":1,"minecraft:large_fern":1,"minecraft:item_frame":323,"minecraft:white_carpet":7,"minecraft:cracked_stone_bricks":1,"minecraft:netherite_sword":1,"minecraft:player_head":3,"minecraft:poppy":2,"minecraft:spruce_slab":1,"minecraft:egg":12,"minecraft:black_stained_glass":1,"minecraft:cake":3,"minecraft:stone_button":18,"minecraft:saddle":1,"minecraft:rail":1,"minecraft:clock":2,"minecraft:leather":2,"minecraft:carrot_on_a_stick":2,"minecraft:birch_planks":64,"minecraft:filled_map":300,"minecraft:oak_log":11,"minecraft:apple":5,"minecraft:rabbit_hide":2,"minecraft:iron_ingot":3,"minecraft:cooked_chicken":1,"minecraft:cobweb":1,"minecraft:iron_sword":1,"minecraft:white_stained_glass_pane":1,"minecraft:dandelion":1,"minecraft:birch_stairs":1,"minecraft:spider_eye":1,"minecraft:sea_lantern":8,"minecraft:leather_helmet":2,"minecraft:polished_diorite_stairs":64,"minecraft:polished_diorite":65,"minecraft:iron_helmet":1,"minecraft:painting":16,"minecraft:birch_sign":1,"minecraft:black_wool":1,"minecraft:red_concrete":8},"minecraft:dropped":{"minecraft:cooked_beef":27,"minecraft:lantern":1,"minecraft:cracked_stone_bricks":1,"minecraft:rail":1,"minecraft:carrot_on_a_stick":2,"minecraft:leather_helmet":1,"minecraft:grass":1,"minecraft:dead_tube_coral":1,"minecraft:snowball":16,"minecraft:white_stained_glass_pane":1,"minecraft:black_stained_glass":1,"minecraft:birch_stairs":1,"minecraft:diamond_block":1,"minecraft:netherite_sword":1,"minecraft:leather_chestplate":1,"minecraft:sea_lantern":2,"minecraft:leather_boots":1,"minecraft:leather_leggings":1,"minecraft:spruce_slab":1,"minecraft:glass":1,"minecraft:oak_slab":1,"minecraft:mossy_cobblestone":1,"minecraft:stick":2,"minecraft:polished_andesite":1,"minecraft:acacia_sign":1,"minecraft:cobweb":1,"minecraft:leather_horse_armor":1,"minecraft:torch":1,"minecraft:wooden_axe":6,"minecraft:oak_stairs":1,"minecraft:snow_block":1,"minecraft:polished_diorite":1,"minecraft:dragon_head":2,"minecraft:player_head":2,"minecraft:smooth_stone_slab":1,"minecraft:green_concrete":2,"minecraft:filled_map":4,"minecraft:horse_spawn_egg":1,"minecraft:black_wool":1},"minecraft:custom":{"minecraft:interact_with_crafting_table":1,"minecraft:open_barrel":12,"minecraft:open_shulker_box":2,"minecraft:bell_ring":4,"minecraft:eat_cake_slice":49,"minecraft:leave_game":80,"minecraft:time_since_death":65011,"minecraft:sprint_one_cm":2238238,"minecraft:drop":94,"minecraft:play_time":7722172,"minecraft:deaths":92,"minecraft:jump":20188,"minecraft:walk_on_water_one_cm":181736,"minecraft:sleep_in_bed":3,"minecraft:open_enderchest":4,"minecraft:damage_dealt":5728,"minecraft:player_kills":62,"minecraft:crouch_one_cm":201968,"minecraft:inspect_dispenser":1,"minecraft:horse_one_cm":858968,"minecraft:interact_with_anvil":8,"minecraft:mob_kills":27,"minecraft:inspect_hopper":4,"minecraft:fill_cauldron":1,"minecraft:damage_dealt_resisted":868,"minecraft:climb_one_cm":36198,"minecraft:walk_one_cm":9229781,"minecraft:sneak_time":388045,"minecraft:walk_under_water_one_cm":313712,"minecraft:interact_with_blast_furnace":3,"minecraft:total_world_time":3615543,"minecraft:time_since_rest":65011,"minecraft:damage_taken":55060,"minecraft:trigger_trapped_chest":22,"minecraft:minecart_one_cm":1816,"minecraft:swim_one_cm":10543,"minecraft:fly_one_cm":113109952,"minecraft:pig_one_cm":258245,"minecraft:open_chest":78,"minecraft:aviate_one_cm":4503040,"minecraft:fall_one_cm":708949},"minecraft:killed_by":{"minecraft:player":64},"minecraft:killed":{"minecraft:chicken":8,"minecraft:tropical_fish":1,"minecraft:cat":1,"minecraft:pig":1,"minecraft:iron_golem":1,"minecraft:creeper":3,"minecraft:sheep":1,"minecraft:cow":3,"minecraft:horse":1,"minecraft:rabbit":2,"minecraft:bat":1,"minecraft:villager":4},"minecraft:mined":{"minecraft:dark_oak_trapdoor":1,"minecraft:glass":1,"minecraft:grass":1},"minecraft:used":{"minecraft:peony":3,"minecraft:nether_brick_fence":349,"minecraft:jack_o_lantern":1,"minecraft:blue_terracotta":2,"minecraft:writable_book":52,"minecraft:red_sand":5,"minecraft:polished_deepslate":18,"minecraft:cut_red_sandstone_slab":1,"minecraft:smooth_quartz_slab":759,"minecraft:spruce_slab":249,"minecraft:dispenser":2,"minecraft:carrot_on_a_stick":290,"minecraft:poppy":43,"minecraft:ladder":137,"minecraft:oak_sign":104,"minecraft:black_carpet":21,"minecraft:white_concrete_powder":2,"minecraft:green_banner":9,"minecraft:chest":6,"minecraft:white_terracotta":150,"minecraft:stone":1161,"minecraft:brown_concrete":361,"minecraft:quartz_stairs":643,"minecraft:mossy_stone_brick_slab":2,"minecraft:red_nether_brick_stairs":2,"minecraft:bell":6,"minecraft:grass":57,"minecraft:player_head":53,"minecraft:smooth_sandstone_stairs":86,"minecraft:farmland":96,"minecraft:green_terracotta":33,"minecraft:debug_stick":236,"minecraft:brick_slab":21,"minecraft:nether_bricks":427,"minecraft:jungle_planks":258,"minecraft:jungle_slab":502,"minecraft:allium":3,"minecraft:orange_wool":2,"minecraft:deepslate_brick_slab":21,"minecraft:acacia_button":5,"minecraft:cyan_wool":758,"minecraft:snowball":99,"minecraft:azure_bluet":1,"minecraft:milk_bucket":7,"minecraft:obsidian":92,"minecraft:polished_deepslate_stairs":1,"minecraft:glass":287,"minecraft:crimson_button":77,"minecraft:cyan_terracotta":1527,"minecraft:stripped_dark_oak_wood":8,"minecraft:bricks":87,"minecraft:black_stained_glass_pane":77,"minecraft:quartz_pillar":576,"minecraft:red_wool":67,"minecraft:jungle_fence_gate":81,"minecraft:quartz_slab":487,"minecraft:lantern":106,"minecraft:grass_block":1197,"minecraft:blue_orchid":2,"minecraft:quartz_block":1637,"minecraft:birch_sapling":4,"minecraft:green_wool":69,"minecraft:polished_andesite_stairs":534,"minecraft:warped_nylium":1,"minecraft:wet_sponge":76,"minecraft:light_blue_bed":1,"minecraft:dark_oak_slab":1875,"minecraft:mossy_cobblestone_slab":8,"minecraft:tropical_fish_spawn_egg":49,"minecraft:dark_oak_button":4,"minecraft:diorite_wall":507,"minecraft:stone_brick_stairs":492,"minecraft:stone_bricks":1175,"minecraft:item_frame":399,"minecraft:bedrock":162,"minecraft:birch_button":1,"minecraft:deepslate_diamond_ore":1,"minecraft:birch_trapdoor":14,"minecraft:red_carpet":99,"minecraft:repeater":2,"minecraft:redstone_lamp":8,"minecraft:bow":8,"minecraft:hay_block":98,"minecraft:written_book":19,"minecraft:jungle_button":1,"minecraft:oak_sapling":11,"minecraft:acacia_fence":22,"minecraft:gold_block":53,"minecraft:polished_diorite_stairs":46,"minecraft:skeleton_skull":37,"minecraft:egg":81,"minecraft:end_stone_brick_stairs":11,"minecraft:dead_brain_coral_fan":2,"minecraft:dark_prismarine_stairs":136,"minecraft:dark_oak_stairs":34,"minecraft:mossy_stone_bricks":12,"minecraft:diorite":542,"minecraft:leather_leggings":1,"minecraft:end_rod":25,"minecraft:cow_spawn_egg":3,"minecraft:end_stone_bricks":5,"minecraft:diamond_boots":1,"minecraft:spruce_door":3,"minecraft:wither_skeleton_skull":36,"minecraft:gray_carpet":1,"minecraft:powered_rail":340,"minecraft:infested_stone":4,"minecraft:birch_leaves":122,"minecraft:dark_oak_sign":2,"minecraft:acacia_trapdoor":6,"minecraft:prismarine":1,"minecraft:jungle_fence":15,"minecraft:oak_planks":268,"minecraft:polished_diorite_slab":44,"minecraft:blackstone":6,"minecraft:lime_concrete_powder":1,"minecraft:mossy_stone_brick_stairs":1,"minecraft:sandstone":31,"minecraft:black_glazed_terracotta":24,"minecraft:redstone_block":72,"minecraft:clay":359,"minecraft:oak_leaves":219,"minecraft:smooth_quartz_stairs":2574,"minecraft:white_wool":196,"minecraft:dark_oak_trapdoor":95,"minecraft:sand":77,"minecraft:purpur_stairs":8,"minecraft:light_blue_concrete":372,"minecraft:yellow_terracotta":114,"minecraft:infested_chiseled_stone_bricks":1,"minecraft:black_banner":16,"minecraft:light_gray_terracotta":33,"minecraft:yellow_concrete":1760,"minecraft:cyan_dye":1,"minecraft:dead_bubble_coral":47,"minecraft:purple_terracotta":30,"minecraft:chiseled_quartz_block":12,"minecraft:gray_concrete":2371,"minecraft:stone_brick_wall":1024,"minecraft:end_stone":733,"minecraft:cobbled_deepslate_stairs":1,"minecraft:deepslate_brick_stairs":37,"minecraft:crimson_fence_gate":2,"minecraft:lightning_rod":3,"minecraft:birch_fence":55,"minecraft:sticky_piston":3,"minecraft:redstone_torch":4,"minecraft:black_terracotta":80,"minecraft:dead_fire_coral_fan":16,"minecraft:lever":16,"minecraft:green_concrete":482,"minecraft:black_concrete":907,"minecraft:firework_rocket":26,"minecraft:daylight_detector":24,"minecraft:birch_fence_gate":9,"minecraft:acacia_door":1,"minecraft:gray_stained_glass_pane":9,"minecraft:light_gray_concrete":55,"minecraft:stone_button":269,"minecraft:barrier":10,"minecraft:warped_slab":198,"minecraft:cyan_carpet":3,"minecraft:white_glazed_terracotta":3,"minecraft:red_terracotta":151,"minecraft:polished_granite":1,"minecraft:oak_pressure_plate":2,"minecraft:diamond_ore":1,"minecraft:iron_door":13,"minecraft:cut_red_sandstone":1,"minecraft:deepslate":5,"minecraft:gravel":11,"minecraft:lilac":1,"minecraft:polished_andesite_slab":683,"minecraft:soul_lantern":2,"minecraft:granite_slab":18,"minecraft:coal_block":84,"minecraft:smooth_red_sandstone_slab":2,"minecraft:dead_horn_coral_fan":23,"minecraft:grindstone":4,"minecraft:dark_oak_fence":187,"minecraft:birch_log":6,"minecraft:white_stained_glass":39,"minecraft:andesite":13,"minecraft:chain":24,"minecraft:pink_stained_glass":62,"minecraft:smooth_stone_slab":627,"minecraft:white_concrete":5297,"minecraft:bone_meal":95,"minecraft:diorite_slab":12,"minecraft:cobweb":234,"minecraft:oak_fence":540,"minecraft:oak_trapdoor":26,"minecraft:purpur_block":336,"minecraft:petrified_oak_slab":8,"minecraft:netherite_sword":56,"minecraft:jungle_leaves":2,"minecraft:rose_bush":1,"minecraft:iron_bars":519,"minecraft:crimson_fence":27,"minecraft:orange_concrete":92,"minecraft:red_concrete":2199,"minecraft:armor_stand":12,"minecraft:redstone":100,"minecraft:pufferfish_spawn_egg":33,"minecraft:light_blue_terracotta":43,"minecraft:light_gray_carpet":7,"minecraft:spruce_planks":310,"minecraft:wooden_shovel":70,"minecraft:sandstone_wall":1,"minecraft:cooked_chicken":1,"minecraft:netherrack":1,"minecraft:oak_door":5,"minecraft:torch":43,"minecraft:orange_stained_glass":50,"minecraft:end_stone_brick_wall":13,"minecraft:brewing_stand":1,"minecraft:spyglass":11,"minecraft:dirt":485,"minecraft:warped_wart_block":2,"minecraft:anvil":10,"minecraft:white_carpet":135,"minecraft:hopper":34,"minecraft:prismarine_bricks":103,"minecraft:spruce_stairs":143,"minecraft:cobblestone_wall":303,"minecraft:warped_door":7,"minecraft:dead_tube_coral":21,"minecraft:diamond_helmet":1,"minecraft:light_gray_glazed_terracotta":14,"minecraft:oak_wood":33,"minecraft:yellow_carpet":1,"minecraft:pink_carpet":3,"minecraft:jungle_trapdoor":6,"minecraft:polished_granite_slab":16,"minecraft:spruce_fence":329,"minecraft:blue_concrete":575,"minecraft:light_blue_stained_glass":105,"minecraft:nether_brick_stairs":3,"minecraft:oak_fence_gate":19,"minecraft:polished_diorite":1460,"minecraft:fern":22,"minecraft:purple_stained_glass_pane":77,"minecraft:birch_door":6,"minecraft:mossy_cobblestone_stairs":47,"minecraft:stone_brick_slab":69,"minecraft:dark_oak_planks":281,"minecraft:brown_terracotta":146,"minecraft:sea_lantern":1022,"minecraft:chipped_anvil":4,"minecraft:yellow_stained_glass":71,"minecraft:iron_block":242,"minecraft:light_weighted_pressure_plate":11,"minecraft:oak_stairs":282,"minecraft:slime_block":1,"minecraft:brick_stairs":107,"minecraft:acacia_slab":959,"minecraft:chicken_spawn_egg":100,"minecraft:smooth_quartz":2282,"minecraft:barrel":37,"minecraft:diamond_chestplate":1,"minecraft:purple_concrete":38,"minecraft:glowstone":387,"minecraft:lime_concrete":107,"minecraft:warped_stairs":17,"minecraft:black_stained_glass":458,"minecraft:emerald_block":4,"minecraft:iron_trapdoor":49,"minecraft:lime_stained_glass":504,"minecraft:deepslate_tile_stairs":1,"minecraft:white_stained_glass_pane":39,"minecraft:podzol":3,"minecraft:minecart":7,"minecraft:stone_pressure_plate":16,"minecraft:cobbled_deepslate":2,"minecraft:cooked_beef":9,"minecraft:acacia_planks":80,"minecraft:mossy_stone_brick_wall":71,"minecraft:turtle_egg":40,"minecraft:observer":5,"minecraft:orange_terracotta":9,"minecraft:cobbled_deepslate_wall":18,"minecraft:wheat_seeds":62,"minecraft:quartz_bricks":7,"minecraft:water_bucket":57,"minecraft:yellow_banner":35,"minecraft:nether_brick_wall":44,"minecraft:iron_ore":78,"minecraft:light_blue_glazed_terracotta":5,"minecraft:cobblestone_stairs":2,"minecraft:sandstone_stairs":35,"minecraft:snow_block":304,"minecraft:prismarine_brick_slab":192,"minecraft:birch_planks":169,"minecraft:yellow_shulker_box":5,"minecraft:polished_andesite":2840,"minecraft:lime_wool":104,"minecraft:blue_wool":29,"minecraft:andesite_slab":4,"minecraft:purple_glazed_terracotta":5,"minecraft:black_shulker_box":1,"minecraft:cut_sandstone":1,"minecraft:red_mushroom_block":5,"minecraft:magenta_stained_glass":197,"minecraft:cauldron":13,"minecraft:spruce_sign":16,"minecraft:white_dye":1,"minecraft:cobblestone_slab":58,"minecraft:horse_spawn_egg":1,"minecraft:deepslate_bricks":36,"minecraft:cracked_stone_bricks":25,"minecraft:pink_concrete":25,"minecraft:diamond_block":129,"minecraft:orange_carpet":1,"minecraft:glow_item_frame":1,"minecraft:jungle_wood":1,"minecraft:polished_deepslate_slab":1,"minecraft:mossy_cobblestone":108,"minecraft:lime_terracotta":17,"minecraft:rabbit_spawn_egg":12,"minecraft:rail":88,"minecraft:comparator":23,"minecraft:vine":129,"minecraft:dark_prismarine_slab":80,"minecraft:oak_slab":368,"minecraft:tnt":4,"minecraft:lime_bed":3,"minecraft:birch_sign":250,"minecraft:campfire":5,"minecraft:light_gray_concrete_powder":1,"minecraft:dark_oak_fence_gate":28,"minecraft:painting":15,"minecraft:magenta_carpet":3,"minecraft:infested_stone_bricks":34,"minecraft:warped_planks":43,"minecraft:cake":10,"minecraft:spruce_log":70,"minecraft:dark_oak_door":14,"minecraft:cyan_stained_glass":105,"minecraft:deepslate_tile_wall":6,"minecraft:purple_stained_glass":86,"minecraft:oak_log":35,"minecraft:yellow_dye":1,"minecraft:blue_stained_glass_pane":11,"minecraft:gray_terracotta":1,"minecraft:dark_prismarine":3,"minecraft:netherite_block":1,"minecraft:wooden_hoe":5,"minecraft:flower_pot":1,"minecraft:cornflower":2,"minecraft:acacia_stairs":9,"minecraft:black_wool":1458,"minecraft:warped_trapdoor":2,"minecraft:oxeye_daisy":6,"minecraft:acacia_sign":13,"minecraft:stripped_jungle_log":2,"minecraft:dead_fire_coral":33,"minecraft:command_block":1,"minecraft:sunflower":7,"minecraft:pig_spawn_egg":6,"minecraft:oak_button":5,"minecraft:map":20,"minecraft:spruce_pressure_plate":8,"minecraft:detector_rail":2,"minecraft:magenta_concrete":85,"minecraft:cyan_concrete":73,"minecraft:stone_slab":37,"minecraft:purpur_slab":72,"minecraft:spruce_sapling":1,"minecraft:yellow_wool":78,"minecraft:blue_carpet":35,"minecraft:green_carpet":28,"minecraft:chiseled_stone_bricks":35,"minecraft:cobblestone":1256,"minecraft:cyan_stained_glass_pane":6,"minecraft:red_banner":5,"minecraft:bucket":2,"minecraft:glass_pane":14,"minecraft:repeating_command_block":2,"minecraft:stripped_oak_log":8,"minecraft:gray_wool":175,"minecraft:dandelion":1,"minecraft:smooth_stone":154,"minecraft:birch_stairs":55,"minecraft:soul_torch":1,"minecraft:green_stained_glass":113}},"DataVersion":2975}