{"stats":{"minecraft:dropped":{"minecraft:cooked_beef":80,"minecraft:emerald_ore":1,"minecraft:tube_coral_fan":1,"minecraft:stripped_dark_oak_wood":1,"minecraft:writable_book":4,"minecraft:smooth_red_sandstone_slab":1,"minecraft:brick_stairs":1,"minecraft:birch_trapdoor":1,"minecraft:glowstone":1,"minecraft:spruce_slab":1,"minecraft:iron_ore":1,"minecraft:end_stone_bricks":1,"minecraft:mossy_cobblestone":1,"minecraft:andesite_wall":2,"minecraft:grass_block":1,"minecraft:stick":1,"minecraft:torch":1,"minecraft:wooden_axe":1,"minecraft:smooth_quartz":1,"minecraft:acacia_planks":1,"minecraft:player_head":1,"minecraft:lime_concrete":1,"minecraft:nether_bricks":1,"minecraft:filled_map":49,"minecraft:stone":1,"minecraft:orange_stained_glass_pane":1,"minecraft:terracotta":1},"minecraft:killed_by":{"minecraft:player":70},"minecraft:custom":{"minecraft:interact_with_crafting_table":7,"minecraft:open_barrel":3,"minecraft:open_shulker_box":27,"minecraft:bell_ring":1,"minecraft:eat_cake_slice":83,"minecraft:leave_game":86,"minecraft:time_since_death":3871056,"minecraft:damage_resisted":191,"minecraft:sprint_one_cm":1806794,"minecraft:drop":120,"minecraft:play_time":8389059,"minecraft:deaths":91,"minecraft:jump":13667,"minecraft:walk_on_water_one_cm":72262,"minecraft:interact_with_cartography_table":3,"minecraft:interact_with_loom":13,"minecraft:sleep_in_bed":4,"minecraft:open_enderchest":30,"minecraft:damage_dealt":6487,"minecraft:interact_with_beacon":2,"minecraft:player_kills":59,"minecraft:crouch_one_cm":811699,"minecraft:inspect_dispenser":3,"minecraft:inspect_dropper":1,"minecraft:interact_with_anvil":10,"minecraft:mob_kills":46,"minecraft:damage_dealt_resisted":520,"minecraft:climb_one_cm":16513,"minecraft:walk_one_cm":4957612,"minecraft:damage_dealt_absorbed":11,"minecraft:sneak_time":494967,"minecraft:walk_under_water_one_cm":31667,"minecraft:interact_with_lectern":2,"minecraft:interact_with_blast_furnace":2,"minecraft:total_world_time":6990433,"minecraft:pot_flower":30,"minecraft:time_since_rest":3871057,"minecraft:damage_absorbed":318,"minecraft:damage_taken":62124,"minecraft:trigger_trapped_chest":1,"minecraft:swim_one_cm":3887,"minecraft:fly_one_cm":90019429,"minecraft:pig_one_cm":562916,"minecraft:open_chest":57,"minecraft:aviate_one_cm":6716263,"minecraft:fall_one_cm":747598},"minecraft:mined":{"minecraft:player_head":1,"minecraft:shulker_box":2},"minecraft:crafted":{"minecraft:shulker_box":1},"minecraft:used":{"minecraft:peony":1,"minecraft:nether_brick_fence":174,"minecraft:light_blue_stained_glass_pane":174,"minecraft:blue_terracotta":133,"minecraft:writable_book":5,"minecraft:light_gray_stained_glass_pane":42,"minecraft:cut_red_sandstone_slab":5,"minecraft:bone_block":181,"minecraft:smooth_quartz_slab":957,"minecraft:spruce_slab":2470,"minecraft:red_sandstone_slab":97,"minecraft:dispenser":14,"minecraft:polished_blackstone":282,"minecraft:carrot_on_a_stick":939,"minecraft:dead_brain_coral":2,"minecraft:poppy":4,"minecraft:oak_sign":2,"minecraft:black_carpet":23,"minecraft:chest":29,"minecraft:white_terracotta":356,"minecraft:stone":3007,"minecraft:brown_concrete":4,"minecraft:stripped_jungle_wood":285,"minecraft:quartz_stairs":586,"minecraft:bell":6,"minecraft:grass":1,"minecraft:mossy_stone_brick_slab":136,"minecraft:player_head":18,"minecraft:smooth_sandstone_stairs":67,"minecraft:farmland":2,"minecraft:green_terracotta":70,"minecraft:debug_stick":2053,"minecraft:spruce_leaves":527,"minecraft:soul_campfire":23,"minecraft:blue_stained_glass":117,"minecraft:nether_bricks":968,"minecraft:brick_slab":72,"minecraft:orange_glazed_terracotta":1,"minecraft:jungle_planks":27,"minecraft:cracked_deepslate_tiles":1,"minecraft:allium":10,"minecraft:orange_wool":32,"minecraft:pink_terracotta":15,"minecraft:acacia_button":143,"minecraft:tuff":19,"minecraft:cyan_wool":1654,"minecraft:stripped_spruce_log":15,"minecraft:milk_bucket":1,"minecraft:obsidian":1270,"minecraft:polished_blackstone_slab":1,"minecraft:red_sandstone_stairs":166,"minecraft:jungle_sapling":4,"minecraft:glass":111,"minecraft:crimson_button":4,"minecraft:packed_ice":346,"minecraft:honey_block":7,"minecraft:cyan_terracotta":545,"minecraft:stripped_dark_oak_wood":704,"minecraft:netherite_shovel":12,"minecraft:bricks":2079,"minecraft:coal_ore":41,"minecraft:quartz_pillar":951,"minecraft:red_wool":1088,"minecraft:jungle_fence_gate":21,"minecraft:quartz_slab":902,"minecraft:black_stained_glass_pane":1052,"minecraft:lantern":185,"minecraft:grass_block":3135,"minecraft:birch_sapling":1,"minecraft:quartz_block":2597,"minecraft:polished_andesite_stairs":50,"minecraft:orange_shulker_box":1,"minecraft:green_wool":12,"minecraft:polished_blackstone_brick_wall":1,"minecraft:wet_sponge":671,"minecraft:dark_oak_leaves":3,"minecraft:dark_oak_slab":1110,"minecraft:mossy_cobblestone_slab":73,"minecraft:dark_oak_button":7,"minecraft:diorite_wall":34,"minecraft:stone_brick_stairs":145,"minecraft:stone_bricks":1560,"minecraft:item_frame":636,"minecraft:bedrock":1573,"minecraft:birch_trapdoor":122,"minecraft:red_carpet":118,"minecraft:repeater":29,"minecraft:red_nether_brick_wall":261,"minecraft:infested_mossy_stone_bricks":7,"minecraft:magma_block":7,"minecraft:bow":52,"minecraft:hay_block":3,"minecraft:written_book":6,"minecraft:infested_cracked_stone_bricks":437,"minecraft:jungle_button":4,"minecraft:oak_sapling":34,"minecraft:yellow_glazed_terracotta":34,"minecraft:furnace":3,"minecraft:acacia_fence":26,"minecraft:gold_block":7,"minecraft:gray_banner":2,"minecraft:pink_concrete_powder":82,"minecraft:end_stone_brick_stairs":174,"minecraft:dragon_head":1,"minecraft:dead_brain_coral_fan":31,"minecraft:green_stained_glass_pane":238,"minecraft:dark_prismarine_stairs":2,"minecraft:large_fern":6,"minecraft:stripped_spruce_wood":218,"minecraft:lime_glazed_terracotta":1,"minecraft:light_blue_carpet":290,"minecraft:emerald_ore":12,"minecraft:dark_oak_stairs":88,"minecraft:mossy_stone_bricks":3099,"minecraft:tube_coral_fan":9,"minecraft:diorite":1525,"minecraft:end_rod":187,"minecraft:damaged_anvil":18,"minecraft:end_stone_bricks":948,"minecraft:diamond_boots":1,"minecraft:spruce_door":4,"minecraft:dropper":2,"minecraft:stripped_acacia_log":23,"minecraft:gray_carpet":21,"minecraft:powered_rail":9,"minecraft:infested_stone":25,"minecraft:birch_leaves":756,"minecraft:dark_oak_sign":25,"minecraft:acacia_trapdoor":192,"minecraft:prismarine":325,"minecraft:jungle_fence":178,"minecraft:oak_planks":132,"minecraft:polished_diorite_slab":52,"minecraft:orange_tulip":1,"minecraft:blackstone":52,"minecraft:lime_concrete_powder":1,"minecraft:mossy_stone_brick_stairs":210,"minecraft:sandstone":380,"minecraft:black_glazed_terracotta":5,"minecraft:composter":11,"minecraft:redstone_block":14,"minecraft:end_stone_brick_slab":971,"minecraft:clay":273,"minecraft:sugar_cane":42,"minecraft:purpur_pillar":434,"minecraft:oak_leaves":494,"minecraft:smooth_quartz_stairs":352,"minecraft:brain_coral":1,"minecraft:white_wool":1117,"minecraft:dark_oak_trapdoor":88,"minecraft:purpur_stairs":1236,"minecraft:sand":749,"minecraft:yellow_terracotta":1111,"minecraft:light_blue_concrete":33,"minecraft:infested_chiseled_stone_bricks":1049,"minecraft:cut_sandstone_slab":718,"minecraft:lime_stained_glass_pane":74,"minecraft:loom":5,"minecraft:blast_furnace":1,"minecraft:light_blue_wool":54,"minecraft:black_banner":86,"minecraft:smooth_red_sandstone":13,"minecraft:light_gray_terracotta":1632,"minecraft:yellow_concrete":754,"minecraft:acacia_leaves":142,"minecraft:dead_bubble_coral":29,"minecraft:sponge":10,"minecraft:gray_concrete":3306,"minecraft:chiseled_quartz_block":3,"minecraft:note_block":2,"minecraft:stone_brick_wall":562,"minecraft:black_concrete_powder":146,"minecraft:end_stone":1231,"minecraft:red_sandstone_wall":105,"minecraft:crimson_fence_gate":2,"minecraft:lightning_rod":6,"minecraft:birch_fence":60,"minecraft:redstone_torch":16,"minecraft:sticky_piston":40,"minecraft:black_terracotta":1418,"minecraft:lever":5,"minecraft:blue_glazed_terracotta":3,"minecraft:red_sandstone":898,"minecraft:black_concrete":124,"minecraft:firework_rocket":118,"minecraft:daylight_detector":216,"minecraft:birch_fence_gate":8,"minecraft:chiseled_sandstone":52,"minecraft:acacia_door":18,"minecraft:birch_slab":3,"minecraft:light_gray_concrete":416,"minecraft:gray_stained_glass_pane":702,"minecraft:lime_carpet":64,"minecraft:stone_button":43,"minecraft:barrier":36,"minecraft:cyan_carpet":57,"minecraft:lectern":1,"minecraft:white_glazed_terracotta":71,"minecraft:red_terracotta":409,"minecraft:polished_granite":6,"minecraft:oak_pressure_plate":9,"minecraft:diamond_ore":9,"minecraft:iron_door":27,"minecraft:cut_red_sandstone":268,"minecraft:prismarine_wall":10,"minecraft:gravel":53,"minecraft:flowering_azalea_leaves":3,"minecraft:lilac":5,"minecraft:polished_andesite_slab":13,"minecraft:soul_lantern":1,"minecraft:magenta_stained_glass_pane":48,"minecraft:dead_horn_coral":4,"minecraft:coal_block":121,"minecraft:nether_wart_block":11,"minecraft:diamond_sword":4,"minecraft:smooth_red_sandstone_slab":987,"minecraft:light_blue_concrete_powder":17,"minecraft:dead_horn_coral_fan":137,"minecraft:stripped_oak_wood":9,"minecraft:grindstone":20,"minecraft:dark_oak_fence":164,"minecraft:birch_log":55,"minecraft:ice":16,"minecraft:white_stained_glass":434,"minecraft:green_concrete_powder":21,"minecraft:andesite":17,"minecraft:chain":123,"minecraft:mossy_cobblestone_wall":428,"minecraft:pink_stained_glass":154,"minecraft:smooth_stone_slab":1412,"minecraft:white_concrete":1633,"minecraft:coarse_dirt":22,"minecraft:warped_button":4,"minecraft:bone_meal":29,"minecraft:diorite_slab":147,"minecraft:gray_stained_glass":327,"minecraft:diorite_stairs":2,"minecraft:oak_fence":155,"minecraft:oak_trapdoor":264,"minecraft:purpur_block":5165,"minecraft:petrified_oak_slab":426,"minecraft:orange_concrete_powder":5,"minecraft:jungle_leaves":236,"minecraft:rose_bush":5,"minecraft:iron_bars":463,"minecraft:dead_tube_coral_block":4,"minecraft:acacia_log":30,"minecraft:orange_concrete":21,"minecraft:brain_coral_fan":6,"minecraft:red_concrete":88,"minecraft:redstone_ore":2,"minecraft:armor_stand":44,"minecraft:redstone":39,"minecraft:mycelium":3,"minecraft:light_blue_terracotta":589,"minecraft:spruce_planks":5087,"minecraft:ender_chest":2,"minecraft:stripped_birch_wood":96,"minecraft:sandstone_wall":41,"minecraft:dried_kelp_block":6,"minecraft:torch":153,"minecraft:oak_door":21,"minecraft:green_glazed_terracotta":3,"minecraft:orange_bed":1,"minecraft:light_gray_shulker_box":5,"minecraft:end_stone_brick_wall":145,"minecraft:dirt":284,"minecraft:white_carpet":1022,"minecraft:prismarine_bricks":285,"minecraft:spruce_stairs":965,"minecraft:cobblestone_wall":21,"minecraft:stone_stairs":574,"minecraft:dead_tube_coral":42,"minecraft:nether_brick_slab":111,"minecraft:shulker_box":3,"minecraft:light_gray_glazed_terracotta":109,"minecraft:oak_wood":107,"minecraft:yellow_carpet":48,"minecraft:pink_carpet":2,"minecraft:jungle_trapdoor":250,"minecraft:blue_concrete":64,"minecraft:spruce_fence":247,"minecraft:granite":5,"minecraft:dead_brain_coral_block":5,"minecraft:light_blue_stained_glass":271,"minecraft:nether_brick_stairs":103,"minecraft:oak_fence_gate":4,"minecraft:polished_diorite":905,"minecraft:purple_banner":2,"minecraft:birch_door":7,"minecraft:andesite_wall":22,"minecraft:shroomlight":10,"minecraft:mossy_cobblestone_stairs":125,"minecraft:purple_stained_glass_pane":238,"minecraft:dark_oak_planks":1736,"minecraft:stone_brick_slab":75,"minecraft:red_shulker_box":122,"minecraft:brown_terracotta":45,"minecraft:sea_lantern":12,"minecraft:chipped_anvil":22,"minecraft:light_gray_stained_glass":471,"minecraft:bookshelf":435,"minecraft:rooted_dirt":3,"minecraft:yellow_stained_glass":71,"minecraft:iron_block":150,"minecraft:light_weighted_pressure_plate":41,"minecraft:oak_stairs":159,"minecraft:smooth_sandstone":234,"minecraft:spruce_button":1,"minecraft:brick_stairs":342,"minecraft:acacia_slab":686,"minecraft:jungle_log":74,"minecraft:polished_blackstone_brick_stairs":67,"minecraft:smooth_quartz":864,"minecraft:barrel":3,"minecraft:bamboo":41,"minecraft:light_gray_wool":98,"minecraft:tripwire_hook":17,"minecraft:glowstone":1182,"minecraft:tall_grass":2,"minecraft:emerald_block":3,"minecraft:lime_concrete":2,"minecraft:warped_stairs":1,"minecraft:black_stained_glass":207,"minecraft:magenta_wool":47,"minecraft:gray_glazed_terracotta":3,"minecraft:iron_trapdoor":4,"minecraft:magenta_terracotta":10,"minecraft:lime_stained_glass":35,"minecraft:white_stained_glass_pane":428,"minecraft:netherite_pickaxe":2,"minecraft:minecart":4,"minecraft:infested_cobblestone":82,"minecraft:dead_bubble_coral_block":4,"minecraft:horn_coral_block":11,"minecraft:acacia_planks":3527,"minecraft:mossy_stone_brick_wall":10,"minecraft:cooked_beef":9,"minecraft:turtle_egg":203,"minecraft:orange_stained_glass_pane":66,"minecraft:orange_terracotta":579,"minecraft:enchanted_golden_apple":2,"minecraft:dead_bubble_coral_fan":10,"minecraft:horn_coral_fan":4,"minecraft:iron_leggings":1,"minecraft:wheat_seeds":1,"minecraft:quartz_bricks":26,"minecraft:water_bucket":198,"minecraft:nether_brick_wall":179,"minecraft:iron_ore":143,"minecraft:light_blue_glazed_terracotta":65,"minecraft:cobblestone_stairs":258,"minecraft:sandstone_stairs":52,"minecraft:pink_glazed_terracotta":4,"minecraft:snow_block":34,"minecraft:prismarine_brick_slab":784,"minecraft:birch_planks":267,"minecraft:lead":1,"minecraft:polished_andesite":3476,"minecraft:bubble_coral_fan":7,"minecraft:lime_wool":4,"minecraft:red_nether_bricks":147,"minecraft:cartography_table":1,"minecraft:blue_wool":209,"minecraft:smooth_sandstone_slab":1,"minecraft:purple_glazed_terracotta":10,"minecraft:cut_sandstone":621,"minecraft:red_mushroom_block":327,"minecraft:magenta_stained_glass":839,"minecraft:cauldron":39,"minecraft:spruce_sign":2,"minecraft:white_dye":1,"minecraft:beacon":109,"minecraft:spruce_fence_gate":3,"minecraft:red_glazed_terracotta":20,"minecraft:cobblestone_slab":378,"minecraft:gold_ore":15,"minecraft:cracked_stone_bricks":938,"minecraft:polished_blackstone_bricks":72,"minecraft:pink_concrete":51,"minecraft:diamond_block":32,"minecraft:glow_item_frame":10,"minecraft:jungle_wood":4,"minecraft:orange_carpet":17,"minecraft:lime_bed":1,"minecraft:mossy_cobblestone":611,"minecraft:lime_terracotta":28,"minecraft:terracotta":364,"minecraft:stripped_dark_oak_log":30,"minecraft:rail":233,"minecraft:comparator":60,"minecraft:vine":72,"minecraft:dark_prismarine_slab":184,"minecraft:crafting_table":4,"minecraft:tnt":17,"minecraft:oak_slab":147,"minecraft:cyan_glazed_terracotta":4,"minecraft:red_bed":3,"minecraft:birch_sign":6,"minecraft:white_bed":2,"minecraft:campfire":4,"minecraft:light_gray_concrete_powder":8,"minecraft:dark_oak_fence_gate":1,"minecraft:lime_shulker_box":23,"minecraft:brown_glazed_terracotta":3,"minecraft:painting":143,"minecraft:magenta_carpet":1,"minecraft:smoker":1,"minecraft:infested_stone_bricks":13,"minecraft:smooth_red_sandstone_stairs":8,"minecraft:cake":26,"minecraft:warped_planks":10,"minecraft:mushroom_stem":9,"minecraft:dark_oak_door":14,"minecraft:cyan_stained_glass":316,"minecraft:purple_stained_glass":523,"minecraft:oak_log":3,"minecraft:blue_stained_glass_pane":233,"minecraft:gray_terracotta":596,"minecraft:dark_prismarine":131,"minecraft:piston":16,"minecraft:netherite_block":80,"minecraft:wooden_hoe":3,"minecraft:flower_pot":30,"minecraft:activator_rail":4,"minecraft:acacia_stairs":356,"minecraft:black_wool":2452,"minecraft:acacia_sign":6,"minecraft:stripped_jungle_log":2,"minecraft:dead_fire_coral":107,"minecraft:command_block":8,"minecraft:oak_button":1,"minecraft:pig_spawn_egg":5,"minecraft:map":166,"minecraft:netherite_axe":45,"minecraft:lapis_ore":9,"minecraft:detector_rail":2,"minecraft:jungle_stairs":13,"minecraft:cyan_concrete":218,"minecraft:stone_slab":294,"minecraft:purpur_slab":886,"minecraft:spruce_trapdoor":220,"minecraft:crimson_nylium":3,"minecraft:yellow_wool":150,"minecraft:acacia_fence_gate":4,"minecraft:blue_carpet":54,"minecraft:green_carpet":2,"minecraft:chiseled_stone_bricks":1197,"minecraft:cobblestone":1051,"minecraft:cyan_stained_glass_pane":153,"minecraft:white_banner":11,"minecraft:jungle_door":10,"minecraft:sandstone_slab":210,"minecraft:red_banner":30,"minecraft:lapis_block":85,"minecraft:glass_pane":438,"minecraft:yellow_bed":1,"minecraft:polished_blackstone_button":4,"minecraft:wither_rose":7,"minecraft:sea_pickle":3,"minecraft:stripped_oak_log":2116,"minecraft:gray_wool":89,"minecraft:purple_carpet":43,"minecraft:dandelion":10,"minecraft:brown_mushroom_block":17,"minecraft:jukebox":3,"minecraft:smooth_stone":2745,"minecraft:splash_potion":2,"minecraft:birch_stairs":112,"minecraft:green_stained_glass":16},"minecraft:killed":{"minecraft:chicken":3,"minecraft:cat":2,"minecraft:pig":4,"minecraft:iron_golem":1,"minecraft:cow":2,"minecraft:horse":4,"minecraft:rabbit":21,"minecraft:villager":9},"minecraft:picked_up":{"minecraft:wooden_axe":1,"minecraft:birch_door":5,"minecraft:smooth_red_sandstone_slab":1,"minecraft:written_book":1,"minecraft:smooth_quartz":1,"minecraft:enchanted_golden_apple":3,"minecraft:stick":1,"minecraft:birch_trapdoor":1,"minecraft:torch":1,"minecraft:rabbit_foot":1,"minecraft:andesite_wall":2,"minecraft:cyan_terracotta":1,"minecraft:glowstone":1,"minecraft:netherite_chestplate":1,"minecraft:cooked_beef":80,"minecraft:pink_concrete_powder":1,"minecraft:acacia_planks":1,"minecraft:rabbit":2,"minecraft:sand":61,"minecraft:grass_block":1,"minecraft:barrel":1,"minecraft:orange_stained_glass_pane":1,"minecraft:large_fern":1,"minecraft:item_frame":161,"minecraft:blue_orchid":1,"minecraft:spruce_slab":1,"minecraft:birch_sapling":1,"minecraft:stone":1,"minecraft:glow_item_frame":1,"minecraft:brown_dye":2,"minecraft:nether_bricks":1,"minecraft:stripped_dark_oak_wood":1,"minecraft:saddle":2,"minecraft:brick_stairs":1,"minecraft:tripwire_hook":2,"minecraft:filled_map":38,"minecraft:rabbit_hide":1,"minecraft:iron_ore":1,"minecraft:scaffolding":2,"minecraft:red_banner":1,"minecraft:terracotta":1,"minecraft:black_wool":1}},"DataVersion":2975}