{"stats":{"minecraft:killed":{"minecraft:rabbit":6,"minecraft:tropical_fish":2},"minecraft:picked_up":{"minecraft:stone_button":4,"minecraft:rabbit_foot":2,"minecraft:tropical_fish":2,"minecraft:rabbit_hide":2,"minecraft:rabbit":1},"minecraft:custom":{"minecraft:time_since_rest":89682,"minecraft:walk_one_cm":214645,"minecraft:sprint_one_cm":19979,"minecraft:damage_taken":110,"minecraft:mob_kills":8,"minecraft:drop":2,"minecraft:damage_dealt":260,"minecraft:swim_one_cm":147,"minecraft:fly_one_cm":1431321,"minecraft:crouch_one_cm":841,"minecraft:play_one_minute":89682,"minecraft:sneak_time":626,"minecraft:walk_under_water_one_cm":2193,"minecraft:jump":272,"minecraft:leave_game":1,"minecraft:time_since_death":89682,"minecraft:walk_on_water_one_cm":2357,"minecraft:climb_one_cm":740,"minecraft:fall_one_cm":1325},"minecraft:dropped":{"minecraft:sea_lantern":1,"minecraft:crimson_fence":1},"minecraft:used":{"minecraft:birch_fence":1,"minecraft:oak_fence":3,"minecraft:dark_oak_stairs":35,"minecraft:wooden_axe":7,"minecraft:water_bucket":7,"minecraft:sea_lantern":37,"minecraft:stripped_dark_oak_wood":167,"minecraft:spruce_door":7,"minecraft:crimson_fence":26,"minecraft:orange_concrete":113,"minecraft:stripped_jungle_log":31,"minecraft:red_concrete":30,"minecraft:smooth_quartz_slab":45,"minecraft:lantern":3,"minecraft:grass_block":62,"minecraft:stone_button":5,"minecraft:quartz_block":16,"minecraft:tropical_fish_spawn_egg":36,"minecraft:smooth_quartz":1,"minecraft:dark_oak_trapdoor":2,"minecraft:dirt":1,"minecraft:dark_oak_fence":40,"minecraft:spruce_stairs":3,"minecraft:chain":9,"minecraft:orange_wool":1,"minecraft:smooth_stone_slab":4,"minecraft:blue_concrete":12}},"DataVersion":2586}