{"stats":{"minecraft:used":{"minecraft:debug_stick":10,"minecraft:jungle_leaves":3,"minecraft:cyan_terracotta":4,"minecraft:quartz_pillar":1,"minecraft:written_book":2,"minecraft:dead_horn_coral_fan":3,"minecraft:lime_stained_glass":1,"minecraft:birch_leaves":3,"minecraft:light_gray_terracotta":2,"minecraft:elytra":1,"minecraft:blackstone_wall":8,"minecraft:orange_terracotta":3,"minecraft:dark_oak_button":2,"minecraft:lime_glazed_terracotta":1},"minecraft:custom":{"minecraft:open_barrel":2,"minecraft:time_since_rest":55768,"minecraft:open_chest":2,"minecraft:crouch_one_cm":22398,"minecraft:sprint_one_cm":157291,"minecraft:play_time":66405,"minecraft:deaths":2,"minecraft:walk_one_cm":117475,"minecraft:sneak_time":8697,"minecraft:walk_under_water_one_cm":567,"minecraft:jump":379,"minecraft:leave_game":3,"minecraft:walk_on_water_one_cm":4209,"minecraft:time_since_death":55767,"minecraft:climb_one_cm":2691,"minecraft:total_world_time":66405,"minecraft:interact_with_cartography_table":1,"minecraft:swim_one_cm":193,"minecraft:fly_one_cm":1317705}},"DataVersion":2975}