{"stats":{"minecraft:picked_up":{"minecraft:dead_tube_coral":1,"minecraft:dark_oak_fence":1},"minecraft:used":{"minecraft:black_wool":2,"minecraft:tube_coral_fan":4,"minecraft:cyan_terracotta":2,"minecraft:comparator":3,"minecraft:dead_fire_coral":1,"minecraft:light_weighted_pressure_plate":1,"minecraft:heavy_weighted_pressure_plate":1,"minecraft:grindstone":5,"minecraft:dead_tube_coral":1,"minecraft:acacia_planks":1,"minecraft:turtle_egg":1,"minecraft:oak_leaves":1},"minecraft:custom":{"minecraft:open_barrel":1,"minecraft:time_since_rest":84217,"minecraft:open_shulker_box":2,"minecraft:crouch_one_cm":3475,"minecraft:play_time":104288,"minecraft:sprint_one_cm":161708,"minecraft:damage_taken":80,"minecraft:walk_one_cm":118324,"minecraft:sneak_time":3225,"minecraft:drop":14,"minecraft:jump":1795,"minecraft:interact_with_grindstone":1,"minecraft:damage_dealt":85,"minecraft:leave_game":5,"minecraft:walk_on_water_one_cm":6417,"minecraft:time_since_death":104288,"minecraft:climb_one_cm":862,"minecraft:total_world_time":104288,"minecraft:fly_one_cm":1845812},"minecraft:dropped":{"minecraft:barrier":1,"minecraft:cyan_terracotta":1,"minecraft:painting":1,"minecraft:grindstone":1,"minecraft:clay":1,"minecraft:heavy_weighted_pressure_plate":1,"minecraft:dark_oak_fence":2,"minecraft:dead_tube_coral":2,"minecraft:acacia_planks":1,"minecraft:black_wool":1,"minecraft:turtle_egg":1,"minecraft:terracotta":1}},"DataVersion":3465}