{"stats":{"minecraft:picked_up":{"minecraft:dead_tube_coral":1,"minecraft:dark_oak_fence":1},"minecraft:used":{"minecraft:tube_coral_fan":4,"minecraft:cyan_terracotta":2,"minecraft:comparator":3,"minecraft:dead_fire_coral":1,"minecraft:light_weighted_pressure_plate":1,"minecraft:heavy_weighted_pressure_plate":1,"minecraft:grindstone":5,"minecraft:dead_tube_coral":1,"minecraft:acacia_planks":1,"minecraft:turtle_egg":1},"minecraft:custom":{"minecraft:open_barrel":1,"minecraft:time_since_rest":60217,"minecraft:open_shulker_box":2,"minecraft:crouch_one_cm":3108,"minecraft:play_time":80288,"minecraft:sprint_one_cm":133428,"minecraft:damage_taken":80,"minecraft:walk_one_cm":100452,"minecraft:sneak_time":2915,"minecraft:drop":12,"minecraft:jump":1478,"minecraft:interact_with_grindstone":1,"minecraft:damage_dealt":85,"minecraft:leave_game":5,"minecraft:walk_on_water_one_cm":6299,"minecraft:time_since_death":80288,"minecraft:total_world_time":80288,"minecraft:fly_one_cm":1493341},"minecraft:dropped":{"minecraft:barrier":1,"minecraft:cyan_terracotta":1,"minecraft:grindstone":1,"minecraft:clay":1,"minecraft:heavy_weighted_pressure_plate":1,"minecraft:dark_oak_fence":2,"minecraft:dead_tube_coral":2,"minecraft:acacia_planks":1,"minecraft:turtle_egg":1,"minecraft:terracotta":1}},"DataVersion":3465}