{"stats":{"minecraft:picked_up":{"minecraft:dead_tube_coral":1,"minecraft:dark_oak_fence":1},"minecraft:used":{"minecraft:cyan_terracotta":2,"minecraft:tube_coral_fan":4,"minecraft:black_wool":2,"minecraft:pink_glazed_terracotta":1,"minecraft:dead_fire_coral":1,"minecraft:heavy_weighted_pressure_plate":1,"minecraft:light_weighted_pressure_plate":1,"minecraft:oak_leaves":1,"minecraft:comparator":3,"minecraft:grindstone":5,"minecraft:dead_tube_coral":1,"minecraft:acacia_planks":1,"minecraft:turtle_egg":7},"minecraft:custom":{"minecraft:time_since_rest":126217,"minecraft:sprint_one_cm":271334,"minecraft:damage_taken":80,"minecraft:walk_one_cm":139185,"minecraft:drop":16,"minecraft:damage_dealt":85,"minecraft:swim_one_cm":1024,"minecraft:fly_one_cm":2764773,"minecraft:open_barrel":1,"minecraft:crouch_one_cm":4276,"minecraft:play_time":146288,"minecraft:open_shulker_box":2,"minecraft:sneak_time":3629,"minecraft:walk_under_water_one_cm":403,"minecraft:jump":3168,"minecraft:interact_with_grindstone":1,"minecraft:leave_game":5,"minecraft:time_since_death":146288,"minecraft:walk_on_water_one_cm":7710,"minecraft:total_world_time":146288,"minecraft:climb_one_cm":862},"minecraft:dropped":{"minecraft:turtle_egg":1,"minecraft:cyan_terracotta":1,"minecraft:clay":1,"minecraft:magenta_stained_glass":1,"minecraft:heavy_weighted_pressure_plate":1,"minecraft:dark_oak_fence":2,"minecraft:dead_tube_coral":2,"minecraft:barrier":1,"minecraft:grindstone":1,"minecraft:painting":1,"minecraft:pink_glazed_terracotta":1,"minecraft:acacia_planks":1,"minecraft:black_wool":1,"minecraft:terracotta":1}},"DataVersion":3465}