{"stats":{"minecraft:dropped":{"minecraft:wooden_axe":1,"minecraft:stick":1},"minecraft:custom":{"minecraft:open_chest":2,"minecraft:time_since_rest":95588,"minecraft:crouch_one_cm":1628,"minecraft:sprint_one_cm":25974,"minecraft:play_time":95588,"minecraft:open_shulker_box":6,"minecraft:walk_one_cm":32648,"minecraft:sneak_time":3501,"minecraft:walk_under_water_one_cm":1738,"minecraft:drop":2,"minecraft:jump":170,"minecraft:leave_game":3,"minecraft:walk_on_water_one_cm":1522,"minecraft:time_since_death":95588,"minecraft:total_world_time":95588,"minecraft:swim_one_cm":2622,"minecraft:fly_one_cm":2946151},"minecraft:used":{"minecraft:sticky_piston":17,"minecraft:red_shulker_box":2,"minecraft:green_shulker_box":1,"minecraft:sandstone_stairs":67,"minecraft:grass_block":92,"minecraft:quartz_block":13,"minecraft:cobbled_deepslate":11,"minecraft:brown_shulker_box":1,"minecraft:stone_brick_stairs":22},"minecraft:picked_up":{"minecraft:wooden_axe":1,"minecraft:stick":1,"minecraft:red_shulker_box":2,"minecraft:brown_shulker_box":1,"minecraft:green_shulker_box":1}},"DataVersion":2730}