{"stats":{"minecraft:killed":{"minecraft:mule":1,"minecraft:guardian":1,"minecraft:chicken":37,"minecraft:cat":14,"minecraft:iron_golem":9,"minecraft:cow":11,"minecraft:horse":4,"minecraft:rabbit":16,"minecraft:zombified_piglin":1,"minecraft:bee":2,"minecraft:pig":17,"minecraft:creeper":1,"minecraft:sheep":2,"minecraft:mooshroom":1,"minecraft:bat":3,"minecraft:villager":56},"minecraft:killed_by":{"minecraft:player":68},"minecraft:custom":{"minecraft:interact_with_crafting_table":26,"minecraft:open_barrel":61,"minecraft:bell_ring":61,"minecraft:eat_cake_slice":1594,"minecraft:leave_game":449,"minecraft:time_since_death":3782109,"minecraft:play_time":61008309,"minecraft:deaths":163,"minecraft:jump":128171,"minecraft:interact_with_furnace":15,"minecraft:interact_with_cartography_table":5,"minecraft:sleep_in_bed":9,"minecraft:damage_dealt":30968,"minecraft:interact_with_smoker":2,"minecraft:horse_one_cm":813147,"minecraft:inspect_dispenser":33,"minecraft:interact_with_smithing_table":2,"minecraft:interact_with_anvil":59,"minecraft:inspect_hopper":16,"minecraft:damage_dealt_absorbed":72,"minecraft:target_hit":3,"minecraft:sneak_time":3445098,"minecraft:interact_with_lectern":2,"minecraft:interact_with_blast_furnace":2,"minecraft:total_world_time":49604119,"minecraft:tune_noteblock":94,"minecraft:time_since_rest":3782110,"minecraft:swim_one_cm":130381,"minecraft:fly_one_cm":1782864209,"minecraft:open_chest":173,"minecraft:fall_one_cm":938888,"minecraft:open_shulker_box":67,"minecraft:damage_resisted":356,"minecraft:sprint_one_cm":19467543,"minecraft:drop":256,"minecraft:talked_to_villager":3,"minecraft:interact_with_brewingstand":5,"minecraft:walk_on_water_one_cm":1687092,"minecraft:interact_with_loom":12,"minecraft:open_enderchest":14,"minecraft:interact_with_beacon":86,"minecraft:player_kills":70,"minecraft:crouch_one_cm":2144036,"minecraft:mob_kills":180,"minecraft:fill_cauldron":7,"minecraft:damage_dealt_resisted":22860,"minecraft:climb_one_cm":145451,"minecraft:walk_one_cm":43807167,"minecraft:walk_under_water_one_cm":1592078,"minecraft:boat_one_cm":88327,"minecraft:pot_flower":461,"minecraft:interact_with_grindstone":41,"minecraft:damage_taken":71163,"minecraft:damage_absorbed":360,"minecraft:trigger_trapped_chest":19,"minecraft:minecart_one_cm":5735,"minecraft:pig_one_cm":272886,"minecraft:aviate_one_cm":70816500},"minecraft:mined":{"minecraft:dark_oak_trapdoor":1,"minecraft:fire":3,"minecraft:green_bed":7,"minecraft:crafting_table":1,"minecraft:lime_bed":8},"minecraft:used":{"minecraft:peony":847,"minecraft:orange_dye":12,"minecraft:nether_brick_fence":9436,"minecraft:jack_o_lantern":1,"minecraft:writable_book":106,"minecraft:polished_granite_stairs":2,"minecraft:smooth_quartz_slab":6094,"minecraft:spruce_slab":1322,"minecraft:dead_horn_coral_block":10,"minecraft:red_sandstone_slab":90,"minecraft:dispenser":71,"minecraft:elytra":10,"minecraft:poppy":29,"minecraft:dead_brain_coral":84,"minecraft:ladder":336,"minecraft:black_carpet":842,"minecraft:green_banner":23,"minecraft:chest":187,"minecraft:stone":7706,"minecraft:brown_concrete":1980,"minecraft:red_nether_brick_stairs":407,"minecraft:warped_sign":5,"minecraft:quartz_stairs":10758,"minecraft:farmland":77,"minecraft:tube_coral":6,"minecraft:chiseled_red_sandstone":51,"minecraft:soul_sand":1,"minecraft:lily_of_the_valley":3,"minecraft:cut_copper":3,"minecraft:blue_stained_glass":5186,"minecraft:brick_slab":223,"minecraft:cracked_deepslate_tiles":2,"minecraft:jungle_slab":2251,"minecraft:allium":16,"minecraft:orange_wool":3142,"minecraft:acacia_sapling":898,"minecraft:acacia_button":5286,"minecraft:snowball":108,"minecraft:azure_bluet":2,"minecraft:stripped_spruce_log":6,"minecraft:jungle_sapling":1229,"minecraft:packed_ice":2,"minecraft:honeycomb":67,"minecraft:lava_bucket":170,"minecraft:stripped_dark_oak_wood":19,"minecraft:quartz_pillar":3241,"minecraft:lime_banner":4,"minecraft:villager_spawn_egg":10,"minecraft:jungle_fence_gate":1549,"minecraft:red_wool":5427,"minecraft:black_stained_glass_pane":1196,"minecraft:grass_block":11169,"minecraft:quartz_block":20471,"minecraft:birch_sapling":462,"minecraft:polished_andesite_stairs":2219,"minecraft:orange_shulker_box":4,"minecraft:wet_sponge":1512,"minecraft:dark_oak_leaves":300,"minecraft:dark_oak_slab":1813,"minecraft:dark_oak_button":219,"minecraft:diorite_wall":2273,"minecraft:pink_wool":11,"minecraft:stone_brick_stairs":2608,"minecraft:blue_banner":57,"minecraft:red_stained_glass_pane":4,"minecraft:infested_mossy_stone_bricks":376,"minecraft:snow":87,"minecraft:bow":65,"minecraft:dark_oak_boat":39,"minecraft:oak_sapling":164,"minecraft:yellow_glazed_terracotta":345,"minecraft:furnace":76,"minecraft:acacia_fence":3944,"minecraft:egg":92,"minecraft:gray_banner":3,"minecraft:end_stone_brick_stairs":704,"minecraft:potato":1,"minecraft:dragon_head":4,"minecraft:dead_brain_coral_fan":117,"minecraft:seagrass":24,"minecraft:green_stained_glass_pane":1260,"minecraft:dark_prismarine_stairs":236,"minecraft:brown_concrete_powder":1,"minecraft:magenta_shulker_box":29,"minecraft:lime_glazed_terracotta":754,"minecraft:light_blue_carpet":729,"minecraft:deepslate_brick_wall":2,"minecraft:emerald_ore":52,"minecraft:diorite":795,"minecraft:mossy_stone_bricks":1507,"minecraft:cow_spawn_egg":4,"minecraft:leather_leggings":2,"minecraft:end_stone_bricks":1662,"minecraft:spruce_door":56,"minecraft:warped_fungus_on_a_stick":4,"minecraft:brick_wall":9,"minecraft:stripped_birch_log":7,"minecraft:infested_stone":52,"minecraft:cut_copper_slab":95,"minecraft:red_stained_glass":24,"minecraft:powered_rail":1262,"minecraft:acacia_trapdoor":7284,"minecraft:blackstone_stairs":3,"minecraft:prismarine":781,"minecraft:blackstone":33,"minecraft:orange_tulip":1,"minecraft:cactus":9,"minecraft:lime_concrete_powder":3,"minecraft:mossy_stone_brick_stairs":197,"minecraft:black_glazed_terracotta":715,"minecraft:jungle_pressure_plate":15,"minecraft:parrot_spawn_egg":69,"minecraft:clay":6956,"minecraft:purpur_pillar":724,"minecraft:oak_leaves":4223,"minecraft:smooth_quartz_stairs":14206,"minecraft:golden_apple":2,"minecraft:dark_oak_trapdoor":1082,"minecraft:blue_dye":8,"minecraft:sand":1382,"minecraft:purpur_stairs":2733,"minecraft:cut_sandstone_slab":912,"minecraft:blast_furnace":7,"minecraft:smooth_red_sandstone":595,"minecraft:blue_ice":472,"minecraft:acacia_leaves":5623,"minecraft:gray_concrete":19174,"minecraft:purple_terracotta":843,"minecraft:chiseled_quartz_block":15,"minecraft:black_concrete_powder":6,"minecraft:red_sandstone_wall":302,"minecraft:purple_concrete_powder":5,"minecraft:lightning_rod":22,"minecraft:birch_fence":2160,"minecraft:red_sandstone":111,"minecraft:chiseled_sandstone":974,"minecraft:crying_obsidian":16,"minecraft:gray_stained_glass_pane":3674,"minecraft:birch_slab":852,"minecraft:zombie_head":8,"minecraft:stone_button":1858,"minecraft:cyan_carpet":840,"minecraft:lectern":3,"minecraft:white_glazed_terracotta":1582,"minecraft:red_terracotta":8811,"minecraft:polished_granite":6,"minecraft:oak_pressure_plate":95,"minecraft:diamond_ore":919,"minecraft:cut_red_sandstone":1177,"minecraft:flowering_azalea_leaves":9,"minecraft:lilac":760,"minecraft:polished_andesite_slab":275,"minecraft:soul_lantern":36,"minecraft:magenta_stained_glass_pane":378,"minecraft:coal_block":676,"minecraft:nether_wart_block":6,"minecraft:diamond_sword":45,"minecraft:dark_oak_fence":2672,"minecraft:smithing_table":2,"minecraft:white_stained_glass":1474,"minecraft:green_concrete_powder":55,"minecraft:birch_log":113,"minecraft:pink_stained_glass":528,"minecraft:ice":6,"minecraft:oak_boat":2,"minecraft:diorite_slab":238,"minecraft:purple_wool":56,"minecraft:gray_stained_glass":2424,"minecraft:diorite_stairs":18,"minecraft:oak_trapdoor":565,"minecraft:stripped_acacia_wood":67,"minecraft:iron_bars":8070,"minecraft:enchanting_table":1,"minecraft:dead_tube_coral_block":19,"minecraft:acacia_log":169,"minecraft:dead_bush":110,"minecraft:orange_concrete":3188,"minecraft:brain_coral_fan":20,"minecraft:red_concrete":8872,"minecraft:carved_pumpkin":1,"minecraft:armor_stand":579,"minecraft:light_gray_carpet":188,"minecraft:stripped_warped_stem":1,"minecraft:tinted_glass":2,"minecraft:sandstone_wall":684,"minecraft:structure_block":1,"minecraft:netherrack":43,"minecraft:torch":1644,"minecraft:green_glazed_terracotta":137,"minecraft:orange_bed":150,"minecraft:orange_stained_glass":917,"minecraft:light_gray_shulker_box":13,"minecraft:dragon_egg":9,"minecraft:anvil":41,"minecraft:brewing_stand":204,"minecraft:target":7,"minecraft:warped_wart_block":4,"minecraft:ancient_debris":2,"minecraft:light_blue_dye":11,"minecraft:nether_quartz_ore":351,"minecraft:twisting_vines":11,"minecraft:stone_stairs":643,"minecraft:dead_tube_coral":2559,"minecraft:nether_brick_slab":2949,"minecraft:light_gray_glazed_terracotta":159,"minecraft:yellow_carpet":226,"minecraft:jungle_trapdoor":3354,"minecraft:polished_granite_slab":1,"minecraft:glow_lichen":1,"minecraft:dead_brain_coral_block":215,"minecraft:blue_concrete":1825,"minecraft:nether_brick_stairs":5928,"minecraft:oak_fence_gate":33,"minecraft:polished_diorite":5416,"minecraft:fern":271,"minecraft:mossy_cobblestone_stairs":917,"minecraft:red_shulker_box":189,"minecraft:sea_lantern":7308,"minecraft:chipped_anvil":61,"minecraft:cyan_shulker_box":11,"minecraft:iron_axe":17,"minecraft:iron_block":7871,"minecraft:light_weighted_pressure_plate":1560,"minecraft:spruce_button":6,"minecraft:slime_block":7,"minecraft:brick_stairs":255,"minecraft:warped_fence":85,"minecraft:polished_deepslate_wall":99,"minecraft:jungle_log":424,"minecraft:chicken_spawn_egg":1,"minecraft:smooth_quartz":10477,"minecraft:lime_dye":16,"minecraft:pink_stained_glass_pane":127,"minecraft:barrel":293,"minecraft:bamboo":25,"minecraft:tall_grass":67,"minecraft:tripwire_hook":117,"minecraft:purple_concrete":803,"minecraft:glowstone":15696,"minecraft:lime_concrete":2667,"minecraft:warped_stairs":258,"minecraft:beef":2,"minecraft:magenta_wool":62,"minecraft:gray_glazed_terracotta":37,"minecraft:iron_trapdoor":1679,"minecraft:magenta_terracotta":79,"minecraft:podzol":360,"minecraft:trapped_chest":2,"minecraft:acacia_planks":43947,"minecraft:observer":10,"minecraft:orange_terracotta":6740,"minecraft:magenta_dye":3,"minecraft:dead_bubble_coral_fan":67,"minecraft:horn_coral_fan":4,"minecraft:pointed_dripstone":1,"minecraft:calcite":15,"minecraft:wheat_seeds":83,"minecraft:water_bucket":2106,"minecraft:yellow_banner":54,"minecraft:light_blue_shulker_box":8,"minecraft:nether_brick_wall":12997,"minecraft:light_blue_glazed_terracotta":965,"minecraft:tube_coral_block":6,"minecraft:dirt_path":2,"minecraft:sandstone_stairs":918,"minecraft:prismarine_brick_slab":5663,"minecraft:birch_planks":2212,"minecraft:lead":7,"minecraft:yellow_shulker_box":79,"minecraft:lime_wool":249,"minecraft:bubble_coral_fan":10,"minecraft:cartography_table":5,"minecraft:smooth_sandstone_slab":1151,"minecraft:waxed_oxidized_cut_copper":59,"minecraft:red_mushroom_block":42,"minecraft:blue_concrete_powder":2,"minecraft:cauldron":212,"minecraft:horse_spawn_egg":3,"minecraft:gold_ore":835,"minecraft:fletching_table":9,"minecraft:glow_ink_sac":26,"minecraft:spruce_fence_gate":35,"minecraft:leather_boots":2,"minecraft:conduit":12,"minecraft:cracked_stone_bricks":7142,"minecraft:salmon":5,"minecraft:pink_concrete":74,"minecraft:diamond_block":485,"minecraft:orange_carpet":11,"minecraft:light_gray_banner":314,"minecraft:polished_deepslate_slab":497,"minecraft:mossy_cobblestone":6367,"minecraft:lime_terracotta":142,"minecraft:brown_dye":4,"minecraft:rail":20230,"minecraft:comparator":1945,"minecraft:vine":592,"minecraft:crafting_table":43,"minecraft:oak_slab":1046,"minecraft:tnt":40,"minecraft:cyan_glazed_terracotta":22,"minecraft:red_bed":7,"minecraft:green_dye":6,"minecraft:birch_sign":974,"minecraft:white_bed":6,"minecraft:campfire":293,"minecraft:dark_oak_fence_gate":104,"minecraft:fire_coral":7,"minecraft:lime_shulker_box":64,"minecraft:cake":554,"minecraft:spruce_log":175,"minecraft:mushroom_stem":3,"minecraft:oak_log":328,"minecraft:blue_stained_glass_pane":4072,"minecraft:dark_prismarine":216,"minecraft:yellow_dye":12,"minecraft:diamond_pickaxe":6,"minecraft:cornflower":32,"minecraft:warped_trapdoor":7,"minecraft:oxeye_daisy":35,"minecraft:acacia_sign":2048,"minecraft:stripped_jungle_log":29,"minecraft:sunflower":239,"minecraft:oak_button":93,"minecraft:pig_spawn_egg":19,"minecraft:tnt_minecart":2,"minecraft:spruce_pressure_plate":15,"minecraft:cyan_concrete":1361,"minecraft:purpur_slab":1766,"minecraft:spruce_trapdoor":1781,"minecraft:spruce_sapling":372,"minecraft:crimson_nylium":3,"minecraft:chiseled_stone_bricks":250,"minecraft:blue_carpet":381,"minecraft:green_carpet":99,"minecraft:pink_bed":62,"minecraft:cobblestone":2972,"minecraft:azalea_leaves":280,"minecraft:orange_banner":150,"minecraft:purple_bed":2,"minecraft:acacia_pressure_plate":22,"minecraft:red_concrete_powder":52,"minecraft:sandstone_slab":506,"minecraft:glass_pane":2318,"minecraft:repeating_command_block":130,"minecraft:end_portal_frame":9,"minecraft:stripped_oak_log":18,"minecraft:dandelion":13,"minecraft:brown_mushroom_block":209,"minecraft:jukebox":10,"minecraft:candle":2,"minecraft:green_stained_glass":832,"minecraft:light_blue_banner":8,"minecraft:moss_carpet":47,"minecraft:light_blue_stained_glass_pane":3842,"minecraft:blue_terracotta":5073,"minecraft:red_sand":4,"minecraft:polished_deepslate":1137,"minecraft:light_gray_stained_glass_pane":2304,"minecraft:carrot_on_a_stick":145,"minecraft:dead_tube_coral_fan":70,"minecraft:bone_block":47,"minecraft:oak_sign":195,"minecraft:white_concrete_powder":2,"minecraft:white_terracotta":11854,"minecraft:iron_sword":1,"minecraft:nether_wart":1,"minecraft:stripped_jungle_wood":1085,"minecraft:grass":365,"minecraft:bubble_coral":4,"minecraft:bell":61,"minecraft:vex_spawn_egg":2,"minecraft:mossy_stone_brick_slab":417,"minecraft:player_head":1088,"minecraft:smooth_sandstone_stairs":2071,"minecraft:soul_campfire":11,"minecraft:debug_stick":8359,"minecraft:green_terracotta":1911,"minecraft:white_candle":2,"minecraft:spruce_leaves":747,"minecraft:mooshroom_spawn_egg":2,"minecraft:birch_pressure_plate":24,"minecraft:stray_spawn_egg":4,"minecraft:nether_bricks":20802,"minecraft:orange_glazed_terracotta":38,"minecraft:jungle_planks":2657,"minecraft:prismarine_brick_stairs":722,"minecraft:carrot":1,"minecraft:pink_terracotta":1190,"minecraft:tuff":4,"minecraft:beehive":3,"minecraft:cyan_wool":9959,"minecraft:obsidian":2123,"minecraft:milk_bucket":12,"minecraft:honey_bottle":4,"minecraft:polished_deepslate_stairs":929,"minecraft:red_sandstone_stairs":1,"minecraft:glass":4716,"minecraft:crimson_button":317,"minecraft:cyan_terracotta":17214,"minecraft:coal_ore":26,"minecraft:bricks":1704,"minecraft:quartz_slab":5442,"minecraft:lantern":1753,"minecraft:blue_orchid":29,"minecraft:green_wool":555,"minecraft:warped_nylium":8,"minecraft:light_blue_bed":1,"minecraft:mossy_cobblestone_slab":85,"minecraft:tropical_fish_spawn_egg":181,"minecraft:crimson_roots":2,"minecraft:raw_gold_block":11,"minecraft:stone_bricks":5727,"minecraft:item_frame":2294,"minecraft:bedrock":1005,"minecraft:birch_button":18,"minecraft:birch_trapdoor":965,"minecraft:red_nether_brick_wall":48,"minecraft:red_carpet":1734,"minecraft:repeater":429,"minecraft:redstone_lamp":215,"minecraft:honeycomb_block":4,"minecraft:magma_block":12,"minecraft:brown_carpet":459,"minecraft:horn_coral":9,"minecraft:hay_block":18,"minecraft:written_book":39,"minecraft:infested_cracked_stone_bricks":6,"minecraft:jungle_button":183,"minecraft:gray_bed":62,"minecraft:polished_diorite_stairs":1496,"minecraft:gold_block":2609,"minecraft:skeleton_skull":52,"minecraft:pink_concrete_powder":53,"minecraft:fire_coral_fan":33,"minecraft:large_fern":262,"minecraft:polished_blackstone_stairs":1,"minecraft:stripped_spruce_wood":23,"minecraft:dark_oak_sapling":48,"minecraft:golden_boots":1,"minecraft:dark_oak_stairs":2280,"minecraft:waxed_oxidized_cut_copper_slab":53,"minecraft:end_rod":537,"minecraft:diamond_boots":2,"minecraft:stripped_acacia_log":269,"minecraft:wither_skeleton_skull":42,"minecraft:birch_leaves":5291,"minecraft:gray_carpet":722,"minecraft:dark_oak_sign":422,"minecraft:jungle_fence":4023,"minecraft:oak_planks":1946,"minecraft:polished_diorite_slab":599,"minecraft:ender_pearl":5,"minecraft:sandstone":6302,"minecraft:redstone_block":1556,"minecraft:end_stone_brick_slab":795,"minecraft:blue_bed":10,"minecraft:diamond_axe":173,"minecraft:sugar_cane":85,"minecraft:brain_coral":8,"minecraft:white_wool":9900,"minecraft:light_blue_concrete":4780,"minecraft:yellow_terracotta":7074,"minecraft:netherite_leggings":1,"minecraft:infested_chiseled_stone_bricks":32,"minecraft:lime_stained_glass_pane":3381,"minecraft:loom":6,"minecraft:light_blue_wool":1698,"minecraft:yellow_concrete":13818,"minecraft:black_banner":391,"minecraft:light_gray_terracotta":7253,"minecraft:lingering_potion":3,"minecraft:deepslate_redstone_ore":1,"minecraft:black_bed":22,"minecraft:dead_bubble_coral":634,"minecraft:sponge":14,"minecraft:blackstone_wall":1216,"minecraft:note_block":92,"minecraft:dripstone_block":12,"minecraft:stone_brick_wall":6715,"minecraft:end_stone":1506,"minecraft:creeper_spawn_egg":2,"minecraft:sticky_piston":386,"minecraft:redstone_torch":102,"minecraft:black_terracotta":5129,"minecraft:dead_fire_coral_fan":1018,"minecraft:blue_glazed_terracotta":39,"minecraft:lever":746,"minecraft:green_concrete":1018,"minecraft:black_concrete":10961,"minecraft:firework_rocket":93,"minecraft:daylight_detector":13433,"minecraft:birch_fence_gate":69,"minecraft:acacia_door":212,"minecraft:dark_oak_log":295,"minecraft:light_gray_concrete":11601,"minecraft:lime_carpet":32,"minecraft:heavy_weighted_pressure_plate":1467,"minecraft:string":448,"minecraft:cyan_bed":29,"minecraft:brown_wool":415,"minecraft:brown_stained_glass":287,"minecraft:barrier":1544,"minecraft:warped_slab":10,"minecraft:iron_door":1087,"minecraft:prismarine_wall":74,"minecraft:gravel":1765,"minecraft:blackstone_slab":14,"minecraft:granite_slab":46,"minecraft:dead_horn_coral":47,"minecraft:jungle_sign":26,"minecraft:smooth_red_sandstone_slab":292,"minecraft:light_blue_concrete_powder":45,"minecraft:dead_horn_coral_fan":1329,"minecraft:stripped_oak_wood":251,"minecraft:grindstone":1374,"minecraft:crimson_door":18,"minecraft:deepslate_coal_ore":3,"minecraft:waxed_oxidized_cut_copper_stairs":99,"minecraft:cooked_rabbit":2,"minecraft:andesite":6,"minecraft:chain":38,"minecraft:mossy_cobblestone_wall":4156,"minecraft:smooth_stone_slab":21183,"minecraft:chest_minecart":5,"minecraft:white_concrete":27659,"minecraft:warped_button":3,"minecraft:coarse_dirt":23,"minecraft:chorus_plant":16,"minecraft:bone_meal":5386,"minecraft:cobweb":1024,"minecraft:oak_fence":2620,"minecraft:purpur_block":6355,"minecraft:petrified_oak_slab":912,"minecraft:orange_concrete_powder":9,"minecraft:jungle_leaves":3903,"minecraft:rose_bush":200,"minecraft:crimson_fence":18,"minecraft:white_tulip":19,"minecraft:flint_and_steel":97,"minecraft:redstone_ore":10,"minecraft:redstone":385,"minecraft:light_blue_terracotta":1715,"minecraft:spruce_planks":3047,"minecraft:ender_chest":7,"minecraft:brown_shulker_box":2,"minecraft:stripped_birch_wood":263,"minecraft:cooked_chicken":2,"minecraft:dried_kelp_block":48,"minecraft:cut_copper_stairs":5,"minecraft:oak_door":405,"minecraft:end_stone_brick_wall":1224,"minecraft:dirt":637,"minecraft:spyglass":23,"minecraft:red_nether_brick_slab":553,"minecraft:white_carpet":3669,"minecraft:hopper":208,"minecraft:prismarine_bricks":9892,"minecraft:spruce_stairs":1981,"minecraft:cobblestone_wall":538,"minecraft:warped_door":11,"minecraft:oak_wood":458,"minecraft:bee_nest":1,"minecraft:raw_iron_block":8,"minecraft:pink_carpet":6,"minecraft:pink_dye":2,"minecraft:granite":40,"minecraft:spruce_fence":1787,"minecraft:light_blue_stained_glass":5539,"minecraft:purple_banner":38,"minecraft:andesite_wall":161,"minecraft:birch_door":191,"minecraft:purple_stained_glass_pane":2628,"minecraft:dark_oak_planks":1357,"minecraft:stone_brick_slab":2154,"minecraft:wooden_axe":9,"minecraft:brown_terracotta":2660,"minecraft:red_tulip":4,"minecraft:light_gray_stained_glass":1684,"minecraft:bookshelf":651,"minecraft:yellow_stained_glass":155,"minecraft:oak_stairs":2207,"minecraft:smooth_sandstone":1538,"minecraft:acacia_slab":19005,"minecraft:crimson_slab":33,"minecraft:yellow_concrete_powder":2,"minecraft:light_gray_wool":190,"minecraft:waxed_cut_copper_slab":3,"minecraft:golden_carrot":7,"minecraft:black_stained_glass":2755,"minecraft:emerald_block":180,"minecraft:dark_oak_pressure_plate":9,"minecraft:lime_stained_glass":4206,"minecraft:white_stained_glass_pane":1412,"minecraft:minecart":16,"minecraft:cyan_banner":7,"minecraft:granite_wall":10,"minecraft:infested_cobblestone":153,"minecraft:cyan_concrete_powder":2,"minecraft:horn_coral_block":12,"minecraft:stone_pressure_plate":397,"minecraft:cooked_beef":22,"minecraft:dead_bubble_coral_block":832,"minecraft:mossy_stone_brick_wall":173,"minecraft:red_dye":9,"minecraft:orange_stained_glass_pane":978,"minecraft:turtle_egg":3059,"minecraft:powder_snow_bucket":5,"minecraft:enchanted_golden_apple":4,"minecraft:light_gray_bed":10,"minecraft:brown_bed":74,"minecraft:brain_coral_block":19,"minecraft:quartz_bricks":620,"minecraft:amethyst_block":11,"minecraft:iron_ore":934,"minecraft:pink_tulip":3,"minecraft:cobblestone_stairs":118,"minecraft:pink_glazed_terracotta":539,"minecraft:lodestone":3,"minecraft:snow_block":3637,"minecraft:polished_andesite":2380,"minecraft:baked_potato":1,"minecraft:red_nether_bricks":444,"minecraft:blue_wool":3445,"minecraft:pink_banner":20,"minecraft:copper_block":1,"minecraft:purple_glazed_terracotta":313,"minecraft:black_shulker_box":320,"minecraft:cut_sandstone":2682,"minecraft:magenta_stained_glass":1759,"minecraft:spruce_sign":180,"minecraft:white_dye":79,"minecraft:llama_spawn_egg":1,"minecraft:red_glazed_terracotta":23,"minecraft:beacon":2949,"minecraft:green_bed":68,"minecraft:cobblestone_slab":2019,"minecraft:jungle_wood":1,"minecraft:glow_item_frame":1,"minecraft:polished_blackstone_pressure_plate":5,"minecraft:terracotta":3676,"minecraft:dark_prismarine_slab":83,"minecraft:lime_bed":70,"minecraft:magenta_bed":16,"minecraft:dead_fire_coral_block":264,"minecraft:brown_banner":8,"minecraft:yellow_stained_glass_pane":147,"minecraft:light_gray_concrete_powder":20,"minecraft:brown_glazed_terracotta":24,"minecraft:painting":1257,"minecraft:magenta_carpet":118,"minecraft:infested_stone_bricks":194,"minecraft:smooth_red_sandstone_stairs":364,"minecraft:smoker":8,"minecraft:warped_planks":876,"minecraft:dark_oak_door":781,"minecraft:cyan_stained_glass":6273,"minecraft:purple_stained_glass":1469,"minecraft:gray_terracotta":2823,"minecraft:piston":24,"minecraft:netherite_block":1,"minecraft:wooden_hoe":32,"minecraft:flower_pot":466,"minecraft:activator_rail":461,"minecraft:acacia_stairs":9831,"minecraft:black_wool":18961,"minecraft:apple":1,"minecraft:dead_fire_coral":3062,"minecraft:command_block":115,"minecraft:map":93,"minecraft:netherite_axe":105,"minecraft:lapis_ore":57,"minecraft:detector_rail":72,"minecraft:magenta_concrete":96,"minecraft:jungle_stairs":1324,"minecraft:stone_slab":832,"minecraft:budding_amethyst":19,"minecraft:purple_dye":2,"minecraft:yellow_wool":716,"minecraft:acacia_fence_gate":12,"minecraft:brown_stained_glass_pane":668,"minecraft:fishing_rod":3,"minecraft:crimson_fungus":3,"minecraft:cyan_stained_glass_pane":937,"minecraft:white_banner":155,"minecraft:bucket":11,"minecraft:jungle_door":1443,"minecraft:pink_shulker_box":27,"minecraft:chain_command_block":38,"minecraft:red_banner":171,"minecraft:lapis_block":67,"minecraft:magenta_glazed_terracotta":13,"minecraft:yellow_bed":236,"minecraft:polished_blackstone_button":3,"minecraft:wither_rose":7,"minecraft:sea_pickle":357,"minecraft:gray_wool":1592,"minecraft:purple_carpet":429,"minecraft:smooth_stone":11833,"minecraft:splash_potion":17,"minecraft:birch_stairs":2007,"minecraft:soul_torch":17},"minecraft:crafted":{"minecraft:leather_leggings":8,"minecraft:firework_star":4,"minecraft:leather_helmet":1,"minecraft:leather_chestplate":8,"minecraft:leather_boots":8,"minecraft:firework_rocket":6},"minecraft:dropped":{"minecraft:cooked_beef":9,"minecraft:quartz_pillar":1,"minecraft:leather_helmet":1,"minecraft:red_carpet":1,"minecraft:item_frame":6,"minecraft:light_weighted_pressure_plate":1,"minecraft:gray_concrete":1,"minecraft:stone_button":2,"minecraft:jungle_sapling":1,"minecraft:writable_book":1,"minecraft:bone_meal":2,"minecraft:fermented_spider_eye":1,"minecraft:birch_stairs":1,"minecraft:bone":2,"minecraft:pink_concrete":1,"minecraft:stone_axe":1,"minecraft:sugar_cane":1,"minecraft:lever":1,"minecraft:cooked_chicken":2,"minecraft:birch_sapling":1,"minecraft:obsidian":1,"minecraft:oak_planks":64,"minecraft:jungle_trapdoor":1,"minecraft:nether_brick_fence":1,"minecraft:salmon":13,"minecraft:warped_planks":1,"minecraft:orange_stained_glass":1,"minecraft:sea_lantern":1,"minecraft:orange_banner":1,"minecraft:quartz_block":3,"minecraft:leather_boots":2,"minecraft:leather_leggings":2,"minecraft:spruce_slab":1,"minecraft:ghast_tear":72,"minecraft:stone_brick_stairs":2,"minecraft:white_glazed_terracotta":1,"minecraft:egg":17,"minecraft:cyan_stained_glass":2,"minecraft:yellow_terracotta":2,"minecraft:chainmail_helmet":2,"minecraft:mushroom_stew":2,"minecraft:turtle_egg":1,"minecraft:cobweb":7,"minecraft:warped_slab":1,"minecraft:wooden_axe":9,"minecraft:oak_stairs":2,"minecraft:white_banner":1,"minecraft:smooth_stone":2,"minecraft:acacia_planks":5,"minecraft:stone_brick_slab":1,"minecraft:player_head":5,"minecraft:polished_diorite_slab":64,"minecraft:smooth_stone_slab":3,"minecraft:orange_concrete":1,"minecraft:red_banner":1,"minecraft:light_gray_concrete":1,"minecraft:light_blue_concrete":1,"minecraft:debug_stick":4,"minecraft:orange_wool":1,"minecraft:potato":3,"minecraft:stone":2,"minecraft:spruce_planks":1,"minecraft:small_dripleaf":1,"minecraft:stone_bricks":2,"minecraft:spider_eye":1,"minecraft:sandstone":2,"minecraft:bow":1,"minecraft:blue_orchid":1,"minecraft:black_wool":2,"minecraft:terracotta":2,"minecraft:nether_brick_stairs":1,"minecraft:birch_planks":66,"minecraft:diamond_axe":1,"minecraft:carrot_on_a_stick":1,"minecraft:cyan_terracotta":1,"minecraft:dark_oak_log":1,"minecraft:polished_diorite_stairs":64,"minecraft:polished_blackstone_pressure_plate":1,"minecraft:prismarine_brick_slab":1,"minecraft:black_concrete":2,"minecraft:black_stained_glass":2,"minecraft:armor_stand":1,"minecraft:black_terracotta":1,"minecraft:infested_mossy_stone_bricks":1,"minecraft:mossy_stone_brick_slab":1,"minecraft:acacia_stairs":1,"minecraft:infested_stone_bricks":1,"minecraft:carrot":1,"minecraft:poppy":1,"minecraft:sandstone_wall":1,"minecraft:leather_chestplate":2,"minecraft:birch_trapdoor":1,"minecraft:glowstone":64,"minecraft:acacia_slab":1,"minecraft:iron_bars":64,"minecraft:powered_rail":1,"minecraft:prismarine_bricks":1,"minecraft:written_book":3,"minecraft:firework_rocket":1,"minecraft:bread":1,"minecraft:oak_slab":1,"minecraft:mossy_cobblestone":1,"minecraft:yellow_concrete":3,"minecraft:netherite_axe":1,"minecraft:golden_axe":1,"minecraft:andesite_wall":1,"minecraft:spruce_stairs":64,"minecraft:grass_block":1,"minecraft:stick":1,"minecraft:light_blue_stained_glass":1,"minecraft:brewing_stand":1,"minecraft:torch":1,"minecraft:green_dye":1,"minecraft:white_concrete":2,"minecraft:smooth_quartz":66,"minecraft:iron_axe":2,"minecraft:tripwire_hook":1,"minecraft:polished_diorite":64,"minecraft:red_concrete":1,"minecraft:light_gray_terracotta":1,"minecraft:glass_pane":2,"minecraft:filled_map":16,"minecraft:gray_terracotta":1,"minecraft:oak_button":1,"minecraft:dead_horn_coral_fan":1,"minecraft:dead_bubble_coral":1,"minecraft:oak_sapling":3,"minecraft:birch_sign":2,"minecraft:slime_ball":1},"minecraft:picked_up":{"minecraft:wooden_axe":7,"minecraft:birch_door":8,"minecraft:iron_chestplate":1,"minecraft:chainmail_boots":1,"minecraft:anvil":2,"minecraft:lead":3,"minecraft:oak_stairs":2,"minecraft:string":1,"minecraft:dark_oak_trapdoor":1,"minecraft:cooked_salmon":2,"minecraft:beetroot_soup":1,"minecraft:pufferfish":1,"minecraft:diamond_leggings":3,"minecraft:acacia_sign":1,"minecraft:written_book":22,"minecraft:enchanted_golden_apple":3,"minecraft:melon_slice":1,"minecraft:infested_mossy_stone_bricks":1,"minecraft:dark_oak_door":1,"minecraft:golden_helmet":1,"minecraft:white_glazed_terracotta":1,"minecraft:cyan_stained_glass":1,"minecraft:golden_axe":1,"minecraft:golden_chestplate":3,"minecraft:gray_stained_glass_pane":2,"minecraft:horn_coral_fan":2,"minecraft:tropical_fish":1,"minecraft:end_rod":1,"minecraft:netherite_chestplate":1,"minecraft:cooked_beef":36,"minecraft:iron_door":4,"minecraft:flint":1,"minecraft:gray_concrete":2,"minecraft:netherite_leggings":1,"minecraft:pink_concrete_powder":1,"minecraft:lantern":3,"minecraft:light_gray_concrete_powder":1,"minecraft:chipped_anvil":1,"minecraft:gray_terracotta":1,"minecraft:diamond_helmet":2,"minecraft:rabbit":1,"minecraft:debug_stick":4,"minecraft:acacia_stairs":1,"minecraft:lever":3,"minecraft:writable_book":6,"minecraft:horse_spawn_egg":1,"minecraft:bread":8,"minecraft:chainmail_helmet":3,"minecraft:diamond_pickaxe":1,"minecraft:crafting_table":1,"minecraft:leather_leggings":2,"minecraft:dead_tube_coral":1,"minecraft:dragon_head":1,"minecraft:jungle_trapdoor":1,"minecraft:white_carpet":3,"minecraft:iron_shovel":1,"minecraft:glass_pane":1,"minecraft:beef":8,"minecraft:jungle_sapling":1,"minecraft:poppy":2,"minecraft:spruce_slab":1,"minecraft:egg":21,"minecraft:black_stained_glass":1,"minecraft:sandstone":2,"minecraft:stone":2,"minecraft:cake":4,"minecraft:carrot":1,"minecraft:redstone":1,"minecraft:repeating_command_block":1,"minecraft:diamond_chestplate":2,"minecraft:cooked_cod":2,"minecraft:tube_coral_fan":1,"minecraft:diamond_boots":2,"minecraft:yellow_terracotta":2,"minecraft:mutton":23,"minecraft:white_wool":14,"minecraft:clock":2,"minecraft:tripwire_hook":1,"minecraft:filled_map":430,"minecraft:oak_log":46,"minecraft:golden_boots":2,"minecraft:white_banner":2,"minecraft:stone_bricks":2,"minecraft:apple":6,"minecraft:cobweb":7,"minecraft:iron_sword":2,"minecraft:milk_bucket":1,"minecraft:yellow_concrete":3,"minecraft:gravel":1,"minecraft:light_blue_stained_glass":1,"minecraft:sea_lantern":35,"minecraft:leather_helmet":1,"minecraft:firework_rocket":1,"minecraft:diamond_shovel":1,"minecraft:slime_ball":13,"minecraft:stone_axe":1,"minecraft:diamond_axe":1,"minecraft:painting":12,"minecraft:birch_sign":1,"minecraft:baked_potato":7,"minecraft:light_blue_concrete":1,"minecraft:yellow_wool":1,"minecraft:potion":8,"minecraft:turtle_egg":1,"minecraft:smooth_stone_slab":2,"minecraft:iron_leggings":1,"minecraft:armor_stand":1,"minecraft:smooth_stone":1,"minecraft:comparator":2,"minecraft:light_weighted_pressure_plate":1,"minecraft:rose_bush":26,"minecraft:iron_pickaxe":1,"minecraft:smooth_quartz":15,"minecraft:iron_boots":2,"minecraft:stick":20,"minecraft:birch_trapdoor":1,"minecraft:torch":1,"minecraft:porkchop":31,"minecraft:crimson_button":6,"minecraft:dried_kelp":9,"minecraft:andesite_wall":1,"minecraft:quartz_block":4,"minecraft:leather_horse_armor":2,"minecraft:obsidian":1,"minecraft:leather_chestplate":1,"minecraft:golden_leggings":1,"minecraft:potato":13,"minecraft:prismarine_bricks":1,"minecraft:leather_boots":1,"minecraft:glass":1,"minecraft:bone":1,"minecraft:acacia_planks":5,"minecraft:bow":3,"minecraft:wheat_seeds":15,"minecraft:small_dripleaf":1,"minecraft:bell":1,"minecraft:netherite_axe":1,"minecraft:powered_rail":4,"minecraft:ghast_tear":73,"minecraft:black_terracotta":1,"minecraft:sand":1111,"minecraft:grass_block":1,"minecraft:orange_wool":1,"minecraft:mossy_cobblestone":1,"minecraft:light_gray_concrete":1,"minecraft:light_gray_terracotta":1,"minecraft:sugar":1,"minecraft:netherite_helmet":1,"minecraft:black_concrete":4,"minecraft:bone_meal":3,"minecraft:white_concrete":2,"minecraft:oak_sapling":26,"minecraft:lingering_potion":8,"minecraft:splash_potion":11,"minecraft:wooden_pickaxe":1,"minecraft:cooked_rabbit":1,"minecraft:orange_stained_glass":1,"minecraft:iron_axe":2,"minecraft:orange_concrete":1,"minecraft:item_frame":633,"minecraft:player_head":4,"minecraft:sugar_cane":1,"minecraft:lime_wool":1,"minecraft:stone_button":26,"minecraft:cookie":1,"minecraft:saddle":3,"minecraft:black_banner":12,"minecraft:netherite_boots":1,"minecraft:dark_oak_button":3,"minecraft:leather":13,"minecraft:carrot_on_a_stick":1,"minecraft:birch_planks":2,"minecraft:mushroom_stew":3,"minecraft:chainmail_chestplate":1,"minecraft:cooked_mutton":1,"minecraft:podzol":1,"minecraft:red_carpet":1,"minecraft:rabbit_hide":1,"minecraft:iron_ingot":3,"minecraft:cooked_chicken":2,"minecraft:prismarine_brick_slab":1,"minecraft:stone_brick_slab":1,"minecraft:dandelion":2,"minecraft:red_banner":2,"minecraft:mossy_stone_brick_slab":1,"minecraft:dead_bubble_coral":1,"minecraft:chainmail_leggings":1,"minecraft:iron_helmet":1,"minecraft:terracotta":2,"minecraft:acacia_slab":1,"minecraft:black_wool":2,"minecraft:red_concrete":2}},"DataVersion":2975}