{"stats":{"minecraft:custom":{"minecraft:time_since_rest":20159,"minecraft:open_shulker_box":4,"minecraft:crouch_one_cm":5776,"minecraft:sprint_one_cm":87490,"minecraft:play_time":41702,"minecraft:walk_one_cm":59075,"minecraft:sneak_time":3686,"minecraft:jump":145,"minecraft:walk_on_water_one_cm":923,"minecraft:leave_game":3,"minecraft:play_record":2,"minecraft:sleep_in_bed":1,"minecraft:time_since_death":41702,"minecraft:total_world_time":53469,"minecraft:fly_one_cm":5765516},"minecraft:picked_up":{"minecraft:music_disc_blocks":1,"minecraft:music_disc_11":1},"minecraft:used":{"minecraft:black_terracotta":15,"minecraft:dead_fire_coral_fan":2,"minecraft:white_wool":2,"minecraft:black_wool":4,"minecraft:comparator":1,"minecraft:light_gray_stained_glass_pane":3,"minecraft:birch_planks":1,"minecraft:iron_block":3,"minecraft:dead_tube_coral_fan":2,"minecraft:barrier":2,"minecraft:quartz_block":2,"minecraft:dead_tube_coral":1,"minecraft:blackstone_wall":1,"minecraft:white_terracotta":12,"minecraft:music_disc_11":1,"minecraft:white_shulker_box":4,"minecraft:iron_door":3,"minecraft:light_blue_stained_glass":4,"minecraft:dead_brain_coral_fan":6,"minecraft:jukebox":1,"minecraft:music_disc_blocks":1}},"DataVersion":3465}