{"stats":{"minecraft:crafted":{"minecraft:command_block":4,"minecraft:air":0},"minecraft:dropped":{"minecraft:repeating_command_block":1,"minecraft:glass_bottle":1,"minecraft:command_block":2,"minecraft:polished_andesite":1,"minecraft:stick":1,"minecraft:gray_concrete":1,"minecraft:wooden_axe":4,"minecraft:map":1,"minecraft:snowball":16,"minecraft:potion":2,"minecraft:black_concrete":1,"minecraft:redstone_block":1,"minecraft:polished_diorite":8,"minecraft:red_concrete":1,"minecraft:netherite_sword":2,"minecraft:debug_stick":3,"minecraft:filled_map":3,"minecraft:crimson_button":1,"minecraft:leather_chestplate":1,"minecraft:hopper":1,"minecraft:leather_leggings":1,"minecraft:iron_bars":1,"minecraft:written_book":55,"minecraft:splash_potion":1},"minecraft:custom":{"minecraft:inspect_dropper":1,"minecraft:interact_with_anvil":7,"minecraft:mob_kills":55,"minecraft:inspect_hopper":3,"minecraft:open_barrel":66,"minecraft:open_shulker_box":6,"minecraft:bell_ring":5,"minecraft:damage_dealt_resisted":16292,"minecraft:eat_cake_slice":187,"minecraft:leave_game":51,"minecraft:time_since_death":1131634,"minecraft:climb_one_cm":4500,"minecraft:sprint_one_cm":1820228,"minecraft:walk_one_cm":3055850,"minecraft:drop":65,"minecraft:talked_to_villager":16,"minecraft:play_time":2305028,"minecraft:deaths":28,"minecraft:sneak_time":157135,"minecraft:walk_under_water_one_cm":230494,"minecraft:boat_one_cm":785,"minecraft:jump":5930,"minecraft:walk_on_water_one_cm":152810,"minecraft:total_world_time":1111063,"minecraft:interact_with_furnace":2,"minecraft:traded_with_villager":4,"minecraft:interact_with_cartography_table":19,"minecraft:time_since_rest":1131635,"minecraft:damage_taken":13240,"minecraft:open_enderchest":32,"minecraft:trigger_trapped_chest":9,"minecraft:damage_dealt":3504,"minecraft:swim_one_cm":42311,"minecraft:fly_one_cm":40555109,"minecraft:pig_one_cm":589391,"minecraft:open_chest":86,"minecraft:crouch_one_cm":277579,"minecraft:fall_one_cm":133417},"minecraft:killed":{"minecraft:chicken":18,"minecraft:pig":4,"minecraft:rabbit":4,"minecraft:iron_golem":2,"minecraft:bat":4,"minecraft:sheep":3,"minecraft:villager":3,"minecraft:cow":3},"minecraft:used":{"minecraft:oak_fence":1,"minecraft:oak_trapdoor":8,"minecraft:netherite_sword":40,"minecraft:light_blue_stained_glass_pane":90,"minecraft:jungle_leaves":26,"minecraft:iron_bars":432,"minecraft:orange_concrete":269,"minecraft:flint_and_steel":1,"minecraft:smooth_quartz_slab":35,"minecraft:red_concrete":695,"minecraft:armor_stand":12,"minecraft:redstone":12,"minecraft:carrot_on_a_stick":127,"minecraft:black_carpet":1,"minecraft:spruce_planks":158,"minecraft:chest":3,"minecraft:white_terracotta":13,"minecraft:brown_concrete":152,"minecraft:ender_chest":5,"minecraft:stone":502,"minecraft:stripped_jungle_wood":1,"minecraft:warped_sign":1,"minecraft:quartz_stairs":133,"minecraft:bell":1,"minecraft:sandstone_wall":542,"minecraft:player_head":28,"minecraft:smooth_sandstone_stairs":1463,"minecraft:cooked_chicken":2,"minecraft:oak_door":1,"minecraft:green_terracotta":132,"minecraft:bee_spawn_egg":1,"minecraft:spruce_leaves":11,"minecraft:debug_stick":255,"minecraft:torch":2,"minecraft:dirt":147,"minecraft:birch_pressure_plate":1,"minecraft:anvil":2,"minecraft:hopper":13,"minecraft:blue_stained_glass":55,"minecraft:nether_quartz_ore":12,"minecraft:prismarine_bricks":17,"minecraft:jungle_planks":120,"minecraft:warped_door":1,"minecraft:jungle_trapdoor":2,"minecraft:snowball":1020,"minecraft:light_blue_stained_glass":50,"minecraft:blue_concrete":722,"minecraft:oak_fence_gate":2,"minecraft:birch_door":1,"minecraft:dark_oak_planks":38,"minecraft:purple_stained_glass_pane":94,"minecraft:glass":8,"minecraft:crimson_button":4,"minecraft:stone_brick_slab":58,"minecraft:wooden_axe":14,"minecraft:sea_lantern":98,"minecraft:cyan_terracotta":2,"minecraft:stripped_dark_oak_wood":6,"minecraft:bricks":215,"minecraft:coal_ore":16,"minecraft:bookshelf":19,"minecraft:villager_spawn_egg":1,"minecraft:quartz_slab":133,"minecraft:grass_block":253,"minecraft:jungle_fence_gate":24,"minecraft:red_wool":5,"minecraft:iron_block":331,"minecraft:lantern":358,"minecraft:light_weighted_pressure_plate":4,"minecraft:oak_stairs":2,"minecraft:smooth_sandstone":3853,"minecraft:orange_shulker_box":37,"minecraft:quartz_block":85,"minecraft:smooth_quartz":751,"minecraft:stone_brick_stairs":272,"minecraft:barrel":2,"minecraft:stone_bricks":99,"minecraft:item_frame":1142,"minecraft:bedrock":4,"minecraft:rabbit_stew":1,"minecraft:birch_button":17,"minecraft:tripwire_hook":5,"minecraft:glowstone":255,"minecraft:repeater":1,"minecraft:lime_concrete":55,"minecraft:bow":28,"minecraft:tall_grass":1,"minecraft:dark_oak_boat":1,"minecraft:guardian_spawn_egg":5,"minecraft:written_book":422,"minecraft:iron_trapdoor":44,"minecraft:white_stained_glass_pane":5,"minecraft:polished_diorite_stairs":2,"minecraft:gold_block":3,"minecraft:trapped_chest":2,"minecraft:stone_pressure_plate":1,"minecraft:acacia_planks":87,"minecraft:observer":1,"minecraft:orange_terracotta":113,"minecraft:stripped_spruce_wood":3,"minecraft:horn_coral_fan":2,"minecraft:light_blue_carpet":29,"minecraft:quartz_bricks":80,"minecraft:cow_spawn_egg":16,"minecraft:end_rod":29,"minecraft:nether_brick_wall":4,"minecraft:end_stone_bricks":2,"minecraft:iron_ore":7,"minecraft:sandstone_stairs":32,"minecraft:dropper":3,"minecraft:prismarine_brick_slab":21,"minecraft:powered_rail":3,"minecraft:stripped_birch_log":80,"minecraft:birch_leaves":124,"minecraft:polished_andesite":49,"minecraft:prismarine":68,"minecraft:oak_planks":100,"minecraft:cartography_table":1,"minecraft:andesite_slab":8,"minecraft:smooth_sandstone_slab":2689,"minecraft:ender_pearl":50,"minecraft:purple_glazed_terracotta":1,"minecraft:sandstone":90,"minecraft:redstone_block":5,"minecraft:magenta_stained_glass":275,"minecraft:beacon":1,"minecraft:sheep_spawn_egg":2,"minecraft:cobblestone_slab":60,"minecraft:smooth_quartz_stairs":80,"minecraft:cracked_stone_bricks":4,"minecraft:oak_leaves":15,"minecraft:white_wool":8,"minecraft:pink_concrete":149,"minecraft:glow_item_frame":5,"minecraft:sand":245,"minecraft:rail":61,"minecraft:comparator":6,"minecraft:light_blue_concrete":53,"minecraft:oak_slab":424,"minecraft:cut_sandstone_slab":4,"minecraft:tnt":19,"minecraft:crafting_table":1,"minecraft:birch_sign":1,"minecraft:yellow_concrete":219,"minecraft:acacia_leaves":32,"minecraft:dead_bubble_coral":15,"minecraft:stone_brick_wall":12,"minecraft:gray_concrete":762,"minecraft:lingering_potion":21,"minecraft:painting":29,"minecraft:end_stone":155,"minecraft:cake":43,"minecraft:cyan_stained_glass":53,"minecraft:dark_oak_door":2,"minecraft:sticky_piston":1,"minecraft:lightning_rod":23,"minecraft:birch_fence":4167,"minecraft:redstone_torch":7,"minecraft:oak_log":37,"minecraft:blue_stained_glass_pane":25,"minecraft:piston":11,"minecraft:lever":3,"minecraft:green_concrete":264,"minecraft:black_wool":123,"minecraft:black_concrete":1446,"minecraft:activator_rail":6,"minecraft:ghast_spawn_egg":3,"minecraft:chiseled_sandstone":4,"minecraft:birch_slab":2779,"minecraft:command_block":45,"minecraft:dead_fire_coral":20,"minecraft:gray_stained_glass_pane":11,"minecraft:light_gray_concrete":17,"minecraft:sunflower":2,"minecraft:map":20,"minecraft:brown_wool":1,"minecraft:stone_button":3,"minecraft:spruce_pressure_plate":7,"minecraft:lectern":1,"minecraft:detector_rail":5,"minecraft:iron_door":11,"minecraft:spruce_sapling":1,"minecraft:brown_stained_glass_pane":5,"minecraft:fishing_rod":24,"minecraft:diamond_sword":2,"minecraft:cobblestone":17,"minecraft:potion":2,"minecraft:dead_horn_coral_fan":15,"minecraft:cobbled_deepslate_slab":2,"minecraft:dark_oak_fence":3,"minecraft:chain_command_block":43,"minecraft:white_stained_glass":15,"minecraft:birch_log":107,"minecraft:sandstone_slab":72,"minecraft:glass_pane":3,"minecraft:smooth_stone_slab":1266,"minecraft:repeating_command_block":32,"minecraft:polished_blackstone_button":5,"minecraft:white_concrete":171,"minecraft:splash_potion":73,"minecraft:smooth_stone":783,"minecraft:birch_stairs":8},"minecraft:picked_up":{"minecraft:wooden_axe":4,"minecraft:redstone_block":1,"minecraft:leather_leggings":1,"minecraft:item_frame":24,"minecraft:netherite_sword":2,"minecraft:written_book":34,"minecraft:chest":1,"minecraft:egg":8,"minecraft:stick":5,"minecraft:dark_oak_planks":257,"minecraft:saddle":2,"minecraft:snowball":16,"minecraft:leather_chestplate":1,"minecraft:filled_map":28,"minecraft:debug_stick":2,"minecraft:sand":10,"minecraft:polished_diorite":8,"minecraft:hopper":1}},"DataVersion":2730}