{"stats":{"minecraft:picked_up":{"minecraft:grindstone":1,"minecraft:turtle_egg":1,"minecraft:cyan_terracotta":1,"minecraft:written_book":2,"minecraft:elytra":1},"minecraft:used":{"minecraft:yellow_wool":18,"minecraft:cracked_stone_bricks":1,"minecraft:white_wool":1,"minecraft:black_concrete":3,"minecraft:blue_terracotta":1,"minecraft:black_wool":9,"minecraft:spyglass":40,"minecraft:comparator":1,"minecraft:acacia_sign":12,"minecraft:snow_block":9,"minecraft:lime_stained_glass":2,"minecraft:crafting_table":1,"minecraft:red_wool":8,"minecraft:grass_block":7,"minecraft:iron_block":29,"minecraft:light_weighted_pressure_plate":1,"minecraft:orange_wool":2,"minecraft:gold_block":6,"minecraft:white_terracotta":16,"minecraft:white_concrete":13,"minecraft:acacia_planks":8,"minecraft:white_shulker_box":14},"minecraft:crafted":{"minecraft:knowledge_book":1},"minecraft:custom":{"minecraft:open_chest":1,"minecraft:time_since_rest":120257,"minecraft:open_shulker_box":2,"minecraft:crouch_one_cm":5933,"minecraft:play_time":137660,"minecraft:sprint_one_cm":171261,"minecraft:damage_taken":85,"minecraft:walk_one_cm":81143,"minecraft:sneak_time":4279,"minecraft:jump":595,"minecraft:damage_dealt":80,"minecraft:leave_game":11,"minecraft:walk_on_water_one_cm":2996,"minecraft:time_since_death":137660,"minecraft:total_world_time":137660,"minecraft:interact_with_crafting_table":1,"minecraft:fall_one_cm":627,"minecraft:fly_one_cm":6147751}},"DataVersion":3465}