{"stats":{"minecraft:crafted":{"minecraft:knowledge_book":1},"minecraft:killed":{"minecraft:panda":1},"minecraft:picked_up":{"minecraft:turtle_egg":1,"minecraft:elytra":1,"minecraft:grindstone":1,"minecraft:cyan_terracotta":1,"minecraft:written_book":2},"minecraft:used":{"minecraft:birch_fence":6,"minecraft:black_terracotta":9,"minecraft:purpur_block":13,"minecraft:jungle_leaves":46,"minecraft:blue_terracotta":2,"minecraft:black_concrete":3,"minecraft:black_wool":9,"minecraft:acacia_sign":12,"minecraft:snow_block":14,"minecraft:lantern":1,"minecraft:red_wool":8,"minecraft:light_weighted_pressure_plate":1,"minecraft:iron_block":29,"minecraft:grass_block":7,"minecraft:jungle_fence":2,"minecraft:white_terracotta":34,"minecraft:sandstone":1,"minecraft:spruce_trapdoor":1,"minecraft:mossy_cobblestone_slab":18,"minecraft:white_shulker_box":48,"minecraft:gravel":7,"minecraft:diamond_axe":2,"minecraft:yellow_wool":18,"minecraft:cracked_stone_bricks":31,"minecraft:oak_leaves":40,"minecraft:white_wool":1,"minecraft:repeater":2,"minecraft:glowstone":15,"minecraft:spyglass":40,"minecraft:rail":11,"minecraft:comparator":2,"minecraft:yellow_terracotta":6,"minecraft:crafting_table":1,"minecraft:lime_stained_glass":2,"minecraft:stripped_oak_wood":1,"minecraft:nether_bricks":15,"minecraft:orange_wool":5,"minecraft:gold_block":6,"minecraft:stone_pressure_plate":2,"minecraft:white_concrete":13,"minecraft:acacia_planks":134,"minecraft:turtle_egg":5,"minecraft:light_blue_stained_glass":4,"minecraft:smooth_stone":1,"minecraft:lime_glazed_terracotta":4},"minecraft:custom":{"minecraft:time_since_rest":11233,"minecraft:sprint_one_cm":301019,"minecraft:damage_taken":85,"minecraft:walk_one_cm":164453,"minecraft:mob_kills":1,"minecraft:drop":1,"minecraft:damage_dealt":280,"minecraft:interact_with_crafting_table":1,"minecraft:fly_one_cm":12079528,"minecraft:open_chest":1,"minecraft:crouch_one_cm":8076,"minecraft:play_time":227660,"minecraft:open_shulker_box":11,"minecraft:bell_ring":1,"minecraft:sneak_time":7420,"minecraft:walk_under_water_one_cm":206,"minecraft:jump":1211,"minecraft:leave_game":11,"minecraft:time_since_death":227660,"minecraft:walk_on_water_one_cm":5199,"minecraft:total_world_time":227660,"minecraft:climb_one_cm":565,"minecraft:fall_one_cm":627},"minecraft:dropped":{"minecraft:phantom_membrane":1}},"DataVersion":3465}