{"stats":{"minecraft:picked_up":{"minecraft:grindstone":1,"minecraft:turtle_egg":1,"minecraft:cyan_terracotta":1,"minecraft:written_book":2,"minecraft:elytra":1},"minecraft:used":{"minecraft:cracked_stone_bricks":1,"minecraft:white_wool":1,"minecraft:spyglass":40,"minecraft:white_concrete":13},"minecraft:custom":{"minecraft:open_chest":1,"minecraft:time_since_rest":49666,"minecraft:crouch_one_cm":1318,"minecraft:play_time":67069,"minecraft:sprint_one_cm":64824,"minecraft:damage_taken":85,"minecraft:walk_one_cm":27000,"minecraft:sneak_time":1069,"minecraft:jump":368,"minecraft:damage_dealt":80,"minecraft:leave_game":10,"minecraft:walk_on_water_one_cm":1711,"minecraft:time_since_death":67069,"minecraft:total_world_time":67069,"minecraft:fall_one_cm":627,"minecraft:fly_one_cm":1777759}},"DataVersion":3465}