{"stats":{"minecraft:crafted":{"minecraft:knowledge_book":1},"minecraft:killed":{"minecraft:panda":1},"minecraft:picked_up":{"minecraft:turtle_egg":1,"minecraft:elytra":1,"minecraft:grindstone":1,"minecraft:cyan_terracotta":1,"minecraft:written_book":2},"minecraft:used":{"minecraft:blue_terracotta":2,"minecraft:black_concrete":3,"minecraft:black_wool":9,"minecraft:acacia_sign":12,"minecraft:snow_block":9,"minecraft:red_wool":8,"minecraft:light_weighted_pressure_plate":1,"minecraft:iron_block":29,"minecraft:grass_block":7,"minecraft:jungle_fence":2,"minecraft:white_terracotta":16,"minecraft:sandstone":1,"minecraft:white_shulker_box":14,"minecraft:diamond_axe":2,"minecraft:yellow_wool":18,"minecraft:cracked_stone_bricks":1,"minecraft:white_wool":1,"minecraft:glowstone":10,"minecraft:spyglass":40,"minecraft:comparator":1,"minecraft:yellow_terracotta":6,"minecraft:crafting_table":1,"minecraft:lime_stained_glass":2,"minecraft:orange_wool":2,"minecraft:gold_block":6,"minecraft:stone_pressure_plate":2,"minecraft:white_concrete":13,"minecraft:acacia_planks":41,"minecraft:turtle_egg":4,"minecraft:light_blue_stained_glass":4,"minecraft:lime_glazed_terracotta":4},"minecraft:custom":{"minecraft:time_since_rest":168257,"minecraft:sprint_one_cm":255198,"minecraft:damage_taken":85,"minecraft:walk_one_cm":135714,"minecraft:mob_kills":1,"minecraft:drop":1,"minecraft:damage_dealt":280,"minecraft:interact_with_crafting_table":1,"minecraft:fly_one_cm":9108189,"minecraft:open_chest":1,"minecraft:crouch_one_cm":7125,"minecraft:play_time":185660,"minecraft:open_shulker_box":2,"minecraft:bell_ring":1,"minecraft:sneak_time":5527,"minecraft:jump":903,"minecraft:leave_game":11,"minecraft:time_since_death":185660,"minecraft:walk_on_water_one_cm":4028,"minecraft:total_world_time":185660,"minecraft:climb_one_cm":565,"minecraft:fall_one_cm":627},"minecraft:dropped":{"minecraft:phantom_membrane":1}},"DataVersion":3465}