{"stats":{"minecraft:crafted":{"minecraft:knowledge_book":1},"minecraft:killed":{"minecraft:panda":1},"minecraft:picked_up":{"minecraft:turtle_egg":1,"minecraft:elytra":1,"minecraft:grindstone":1,"minecraft:cyan_terracotta":1,"minecraft:written_book":2},"minecraft:used":{"minecraft:birch_fence":6,"minecraft:black_terracotta":15,"minecraft:purpur_block":39,"minecraft:jungle_leaves":46,"minecraft:blue_terracotta":2,"minecraft:black_concrete":3,"minecraft:black_wool":9,"minecraft:acacia_sign":12,"minecraft:snow_block":14,"minecraft:lantern":1,"minecraft:red_wool":50,"minecraft:light_weighted_pressure_plate":1,"minecraft:iron_block":29,"minecraft:grass_block":7,"minecraft:jungle_fence":2,"minecraft:quartz_block":1,"minecraft:white_terracotta":136,"minecraft:sandstone":5,"minecraft:spruce_trapdoor":1,"minecraft:mossy_cobblestone_slab":18,"minecraft:white_shulker_box":48,"minecraft:gravel":7,"minecraft:diamond_axe":2,"minecraft:yellow_wool":18,"minecraft:cracked_stone_bricks":31,"minecraft:oak_leaves":40,"minecraft:white_wool":1,"minecraft:repeater":2,"minecraft:glowstone":15,"minecraft:spyglass":40,"minecraft:rail":11,"minecraft:comparator":2,"minecraft:yellow_terracotta":38,"minecraft:crafting_table":1,"minecraft:lime_stained_glass":2,"minecraft:stripped_oak_wood":1,"minecraft:nether_bricks":15,"minecraft:orange_wool":5,"minecraft:gold_block":6,"minecraft:stone_pressure_plate":2,"minecraft:white_concrete":13,"minecraft:acacia_planks":134,"minecraft:turtle_egg":5,"minecraft:light_blue_stained_glass":4,"minecraft:smooth_stone":1,"minecraft:lime_glazed_terracotta":4},"minecraft:custom":{"minecraft:time_since_rest":24861,"minecraft:sprint_one_cm":301998,"minecraft:damage_taken":85,"minecraft:walk_one_cm":166147,"minecraft:mob_kills":1,"minecraft:drop":1,"minecraft:damage_dealt":280,"minecraft:interact_with_crafting_table":1,"minecraft:fly_one_cm":12600329,"minecraft:open_chest":1,"minecraft:crouch_one_cm":8076,"minecraft:play_time":241288,"minecraft:open_shulker_box":11,"minecraft:bell_ring":1,"minecraft:sneak_time":8015,"minecraft:walk_under_water_one_cm":206,"minecraft:jump":1220,"minecraft:leave_game":12,"minecraft:time_since_death":241288,"minecraft:walk_on_water_one_cm":5199,"minecraft:total_world_time":241288,"minecraft:climb_one_cm":565,"minecraft:fall_one_cm":627},"minecraft:dropped":{"minecraft:phantom_membrane":1}},"DataVersion":3465}