{"stats":{"minecraft:crafted":{"minecraft:knowledge_book":1},"minecraft:picked_up":{"minecraft:turtle_egg":1,"minecraft:elytra":1,"minecraft:grindstone":1,"minecraft:cyan_terracotta":1,"minecraft:written_book":2},"minecraft:used":{"minecraft:blue_terracotta":2,"minecraft:black_concrete":3,"minecraft:black_wool":9,"minecraft:acacia_sign":12,"minecraft:snow_block":9,"minecraft:red_wool":8,"minecraft:light_weighted_pressure_plate":1,"minecraft:iron_block":29,"minecraft:grass_block":7,"minecraft:jungle_fence":2,"minecraft:white_terracotta":16,"minecraft:white_shulker_box":14,"minecraft:yellow_wool":18,"minecraft:cracked_stone_bricks":1,"minecraft:white_wool":1,"minecraft:glowstone":10,"minecraft:spyglass":40,"minecraft:comparator":1,"minecraft:crafting_table":1,"minecraft:lime_stained_glass":2,"minecraft:orange_wool":2,"minecraft:gold_block":6,"minecraft:stone_pressure_plate":2,"minecraft:white_concrete":13,"minecraft:acacia_planks":38,"minecraft:turtle_egg":4,"minecraft:light_blue_stained_glass":4,"minecraft:lime_glazed_terracotta":4},"minecraft:custom":{"minecraft:time_since_rest":144257,"minecraft:sprint_one_cm":238162,"minecraft:damage_taken":85,"minecraft:walk_one_cm":127869,"minecraft:damage_dealt":80,"minecraft:interact_with_crafting_table":1,"minecraft:fly_one_cm":7775031,"minecraft:open_chest":1,"minecraft:crouch_one_cm":6897,"minecraft:play_time":161660,"minecraft:open_shulker_box":2,"minecraft:sneak_time":5210,"minecraft:jump":804,"minecraft:leave_game":11,"minecraft:time_since_death":161660,"minecraft:walk_on_water_one_cm":3563,"minecraft:total_world_time":161660,"minecraft:climb_one_cm":2,"minecraft:fall_one_cm":627}},"DataVersion":3465}